Order ID,Category,Gender,Product,Size,Color,Quantity Ordered,Price each,Order Date,Purchase Address
37614,Shoes,F,Calf Boots,41,beige,1,149.99,27/01/2019 19:24,"Schoolstraat 42, 1067EY Zoetermeer"
37615,Shoes,M,Boots,41,brown,1,119.99,04/01/2019 13:51,"Prins Hendrikstraat 95, 1015FF Rotterdam"
37616,Accessories,F,Socks,NA,brown,1,7.99,04/01/2019 21:04,"Oranjestraat 32, 1089RO Utrecht"
37617,Shoes,F,Sneakers,40,white,1,99.99,19/01/2019 14:51,"Rozenstraat 60, 1082NY Almere"
37617,Bags,F,Shoulderbag,NA,white,1,79.99,19/01/2019 14:51,"Rozenstraat 60, 1082NY Almere"
37618,Shoes,F,Wedges,40,beige,1,69.95,05/01/2019 16:29,"Hoofdstraat 19, 1066CU Den Haag"
37618,Shoes,F,Calf Boots,40,brown,1,149.99,05/01/2019 16:29,"Hoofdstraat 19, 1066CU Den Haag"
37619,Shoes,F,Calf Boots,40,brown,1,149.99,10/01/2019 13:40,"Meidoornstraat 40, 1017HT Delft"
37619,Shoes,F,Sneakers,40,black,1,99.99,10/01/2019 13:40,"Meidoornstraat 40, 1017HT Delft"
37620,Shoes,F,Sneakers,39,multicolor,1,99.99,12/01/2019 14:00,"Rozenstraat 72, 1087NU Amsterdam"
37621,Shoes,F,Ballerinas,36,brown,1,79.95,26/01/2019 09:41,"Raadhuisplein 47, 1083TD Enschede"
37622,Shoes,F,Calf Boots,38,brown,1,149.99,28/01/2019 19:47,"Prins Beatrixstraat 76, 1046DC Den Haag"
37622,Accessories,F,Scarf,NA,brown,1,24.99,28/01/2019 19:47,"Prins Beatrixstraat 76, 1046DC Den Haag"
37623,Shoes,M,Combat,38,beige,1,119.99,04/01/2019 09:07,"Schoolstraat 99, 1084TQ Leeuwarden"
37624,Shoes,F,Ballerinas,42,red,1,79.95,12/01/2019 18:40,"Oranjestraat 53, 1092VO Emmen"
37624,Shoes,F,Ballerinas,42,black,1,79.95,12/01/2019 18:40,"Oranjestraat 53, 1092VO Emmen"
37625,Shoes,M,Sneakers,38,brown,1,99.99,01/01/2019 07:07,"Meidoornstraat 55, 1067YY Amsterdam"
37626,Bags,F,Shopper,NA,grey,1,79.99,09/01/2019 19:31,"Irenestraat 83, 1088PE Venlo"
37627,Shoes,F,Pumps,36,brown,1,89.99,16/01/2019 16:32,"Dahliastraat 31, 1014WJ Amsterdam"
37627,Shoes,F,Pumps,37,brown,1,89.99,16/01/2019 16:32,"Dahliastraat 31, 1014WJ Amsterdam"
37628,Shoes,F,Flip Flops,36,grey,1,29.99,26/01/2019 12:22,"Raadhuisplein 35, 1027CM Utrecht"
37629,Bags,F,Shoulderbag,NA,black,1,79.99,28/01/2019 02:13,"Rozenstraat 50, 1036GF Maastricht"
37630,Shoes,F,Calf Boots,35,brown,1,149.99,25/01/2019 01:27,"Nieuwstraat 36, 1084FE Rotterdam"
37631,Shoes,M,Combat,39,grey,1,119.99,12/01/2019 17:46,"Lindenlaan 51, 1011YK Arnhem"
37632,Shoes,M,Boots,39,beige,1,119.99,17/01/2019 10:26,"Parklaan 89, 1033RY Emmen"
37632,Shoes,M,Sneakers,39,black,1,99.99,17/01/2019 10:26,"Parklaan 89, 1033RY Emmen"
37633,Bags,M,Shoulderbag,NA,black,1,79.99,11/01/2019 11:17,"Margrietstraat 41, 1014CR Tilburg"
37634,Accessories,M,Socks,NA,beige,1,7.99,11/01/2019 19:59,"Stationsplein 77, 1054NM Den Haag"
37635,Shoes,M,Boots,41,beige,1,119.99,12/01/2019 15:09,"Prins Hendrikstraat 69, 1020QB Eindhoven"
37636,Shoes,M,Flip Flops,38,multicolor,1,29.99,26/01/2019 08:35,"Eikenlaan 67, 1033AV Dordrecht"
37637,Bags,F,Handbag,NA,brown,1,99.99,02/01/2019 17:58,"Kerkweg 31, 1000SK 's-Hertogenbosch"
37638,Shoes,F,Pumps,37,beige,1,89.99,30/01/2019 22:22,"Torenstraat 6, 1015RE Almere"
37639,Shoes,M,Loafers,39,grey,1,69.99,11/01/2019 09:22,"Wilhelminastraat 1, 1026WG Tilburg"
37640,Accessories,F,Gloves,NA,beige,1,14.99,27/01/2019 12:44,"Torenstraat 20, 1006VX Tilburg"
37641,Accessories,NA,Shoe care,NA,NA,3,8.99,23/01/2019 10:21,"Kerkpad 51, 1067IF Maastricht"
37642,Shoes,M,Combat,41,beige,1,119.99,16/01/2019 19:59,"Juliana-straat 77, 1002HE Amsterdam"
37643,Shoes,F,Calf Boots,41,brown,1,149.99,30/01/2019 20:27,"Irenestraat 39, 1042FD Alphen aan den Rijn"
37644,Shoes,F,Ankle Boots,40,brown,1,119.99,19/01/2019 19:27,"Molenweg 55, 1021IE Rotterdam"
37645,Shoes,M,Sneakers,40,multicolor,1,99.99,14/01/2019 22:45,"Kruisstraat 92, 1053RU Ede"
37646,Shoes,F,Ankle Boots,38,beige,1,119.99,07/01/2019 08:22,"Dahliastraat 69, 1018IC Apeldoorn"
37646,Bags,F,Backpack,NA,beige,1,59.99,07/01/2019 08:22,"Dahliastraat 69, 1018IC Apeldoorn"
37647,Bags,F,Laptopbag,NA,silver,1,99.99,02/01/2019 00:26,"Molenstraat 48, 1028ND Zoetermeer"
37648,Bags,M,Laptopbag,NA,red,1,99.99,16/01/2019 14:26,"Dorpsstraat 71, 1085UZ Groningen"
37649,Accessories,F,Scarf,NA,beige,1,24.99,30/01/2019 21:02,"Juliana-straat 61, 1081OC Maastricht"
37650,Shoes,F,Calf Boots,42,black,1,149.99,31/01/2019 10:05,"Esdoornstraat 36, 1087PZ Amsterdam"
37650,Accessories,NA,Shoe care,NA,NA,1,8.99,31/01/2019 10:05,"Esdoornstraat 36, 1087PZ Amsterdam"
37651,Shoes,M,Flip Flops,41,brown,1,29.99,29/01/2019 20:42,"Esdoornstraat 15, 1064OB Rotterdam"
37652,Shoes,F,Calf Boots,39,brown,1,149.99,31/01/2019 09:01,"Eikenlaan 94, 1010RE Leiden"
37653,Bags,M,Laptopbag,NA,black,1,99.99,03/01/2019 03:56,"Prins Bernhardstraat 68, 1042JK Almere"
37654,Shoes,M,Boots,40,brown,1,119.99,18/01/2019 19:05,"Irenestraat 46, 1062MZ Amsterdam"
37655,Shoes,F,Sneakers,42,red,1,99.99,04/01/2019 20:21,"Juliana-straat 79, 1001OC Breda"
37656,Shoes,F,Ankle Boots,37,beige,1,119.99,20/01/2019 20:47,"Bosweg 36, 1086JI Dordrecht"
37656,Shoes,F,Sneakers,37,beige,1,99.99,20/01/2019 20:47,"Bosweg 36, 1086JI Dordrecht"
37657,Accessories,M,Scarf,NA,black,1,24.99,28/01/2019 21:11,"Stationsplein 40, 1093TF Amsterdam"
37658,Shoes,M,Sneakers,39,white,1,99.99,24/01/2019 14:50,"Kastanjelaan 24, 1036DV Amsterdam"
37658,Shoes,M,Combat,39,brown,1,119.99,24/01/2019 14:50,"Kastanjelaan 24, 1036DV Amsterdam"
37659,Shoes,M,Boots,39,brown,1,119.99,15/01/2019 21:58,"Kerkplein 81, 1046ED Almere"
37659,Shoes,M,Boots,40,brown,1,119.99,15/01/2019 21:58,"Kerkplein 81, 1046ED Almere"
37660,Shoes,F,Calf Boots,41,black,1,149.99,25/01/2019 14:26,"Frans Halsstraat 68, 1011DQ Utrecht"
37660,Shoes,F,Calf Boots,40,black,1,149.99,25/01/2019 14:26,"Frans Halsstraat 68, 1011DQ Utrecht"
37661,Shoes,M,Boots,37,grey,1,119.99,18/01/2019 20:59,"Tuinstraat 3, 1084DU Nijmegen"
37662,Shoes,F,Pumps,37,white,1,89.99,29/01/2019 20:31,"Meidoornlaan 38, 1057UO Amsterdam"
37662,Shoes,F,Calf Boots,37,black,1,149.99,29/01/2019 20:31,"Meidoornlaan 38, 1057UO Amsterdam"
37663,Accessories,M,Scarf,NA,grey,1,24.99,19/01/2019 20:47,"Beatrixstraat 74, 1066QH Utrecht"
37664,Accessories,M,Scarf,NA,multicolor,1,24.99,29/01/2019 10:19,"Industrieweg 14, 1050UD Utrecht"
37665,Shoes,F,Ballerinas,39,brown,1,79.95,10/01/2019 08:58,"Spoorstraat 40, 1029KN Almere"
37666,Shoes,F,Ankle Boots,40,multicolor,1,119.99,15/01/2019 11:38,"Hogeweg 71, 1076SE Apeldoorn"
37666,Bags,F,Backpack,NA,multicolor,1,59.99,15/01/2019 11:38,"Hogeweg 71, 1076SE Apeldoorn"
37667,Shoes,F,Calf Boots,42,black,1,149.99,18/01/2019 20:28,"Wilhelminastraat 25, 1049BG Amsterdam"
37668,Shoes,M,Sneakers,39,black,1,99.99,03/01/2019 09:05,"Frans Halsstraat 35, 1033EH Arnhem"
37668,Shoes,M,Sneakers,40,black,1,99.99,03/01/2019 09:05,"Frans Halsstraat 35, 1033EH Arnhem"
37669,Shoes,M,Combat,36,blue,1,119.99,18/01/2019 22:19,"Kievitstraat 9, 1003EY Leiden"
37669,Accessories,M,Scarf,NA,brown,1,24.99,18/01/2019 22:19,"Kievitstraat 9, 1003EY Leiden"
37670,Shoes,M,Boots,40,multicolor,1,119.99,28/01/2019 06:29,"Middenweg 14, 1006WR Breda"
37671,Bags,M,Backpack,NA,multicolor,1,59.99,21/01/2019 19:58,"Beukenlaan 82, 1049OK Zaandam"
37671,Accessories,M,Belt,NA,multicolor,1,29.99,21/01/2019 19:58,"Beukenlaan 82, 1049OK Zaandam"
37672,Bags,M,Laptopbag,NA,black,1,99.99,09/01/2019 15:41,"Kastanjelaan 76, 1098EU Groningen"
37673,Shoes,F,Ballerinas,39,multicolor,1,79.95,03/01/2019 07:34,"Prins Hendrikstraat 17, 1069HG Zoetermeer"
37674,Shoes,M,Boots,35,beige,1,119.99,30/01/2019 06:37,"Hoofdstraat 65, 1024PQ Apeldoorn"
37675,Shoes,M,Boots,39,black,1,119.99,02/01/2019 08:46,"Stationsweg 80, 1008XR Alphen aan den Rijn"
37676,Shoes,F,Pumps,42,brown,1,89.99,18/01/2019 11:48,"Irenestraat 85, 1049XT Utrecht"
37676,Shoes,F,Ankle Boots,42,brown,1,119.99,18/01/2019 11:48,"Irenestraat 85, 1049XT Utrecht"
37677,Shoes,F,Calf Boots,40,grey,1,149.99,22/01/2019 14:32,"Sportlaan 72, 1092HR Utrecht"
37678,Bags,F,Handbag,NA,black,1,99.99,05/01/2019 18:10,"Hogeweg 33, 1004BF Utrecht"
37679,Shoes,M,Boat shoes,42,brown,1,59.99,15/01/2019 18:56,"Molenstraat 70, 1056EV Amsterdam"
37679,Shoes,M,Boat shoes,43,brown,1,59.99,15/01/2019 18:56,"Molenstraat 70, 1056EV Amsterdam"
37680,Shoes,M,Boots,39,brown,1,119.99,09/01/2019 14:21,"Beukenlaan 17, 1011AQ Zwolle"
37681,Shoes,F,Ballerinas,39,black,1,79.95,25/01/2019 12:09,"Nieuweweg 86, 1012YJ Amersfoort"
37682,Shoes,F,Pumps,39,silver,1,89.99,02/01/2019 17:41,"Havenstraat 34, 1078ED Leeuwarden"
37682,Shoes,F,Ankle Boots,39,white,1,119.99,02/01/2019 17:41,"Havenstraat 34, 1078ED Leeuwarden"
37683,Shoes,F,Ballerinas,40,beige,1,79.95,17/01/2019 17:35,"Parklaan 95, 1012EA Breda"
37684,Shoes,M,Sneakers,38,black,1,99.99,23/01/2019 12:35,"Sportlaan 46, 1031QH Leeuwarden"
37684,Bags,M,Shoulderbag,NA,brown,1,79.99,23/01/2019 12:35,"Sportlaan 46, 1031QH Leeuwarden"
37685,Bags,M,Shoulderbag,NA,beige,1,79.99,17/01/2019 21:08,"Spoorstraat 61, 1097MW Amersfoort"
37686,Accessories,M,Scarf,NA,grey,1,24.99,15/01/2019 18:36,"Industrieweg 64, 1072YF Venlo"
37687,Shoes,M,Combat,39,red,1,119.99,17/01/2019 10:07,"Industrieweg 27, 1030GP Almere"
37688,Bags,M,Backpack,NA,brown,1,59.99,28/01/2019 17:56,"Markt 65, 1071FW Groningen"
37689,Shoes,M,Combat,38,black,1,119.99,03/01/2019 08:37,"Kloosterstraat 50, 1091UQ Utrecht"
37689,Shoes,M,Sneakers,38,grey,1,99.99,03/01/2019 08:37,"Kloosterstraat 50, 1091UQ Utrecht"
37690,Shoes,F,Pumps,37,brown,1,89.99,13/01/2019 13:16,"Beukenlaan 76, 1028QQ Amsterdam"
37691,Bags,M,Laptopbag,NA,grey,1,99.99,21/01/2019 11:03,"Dahliastraat 68, 1064LY Rotterdam"
37692,Shoes,F,Ankle Boots,37,black,1,119.99,02/01/2019 12:47,"Wilhelminastraat 10, 1031SE Zwolle"
37693,Shoes,M,Boots,42,brown,1,119.99,31/01/2019 12:38,"Dorpsstraat 11, 1013VS Rotterdam"
37693,Accessories,NA,Shoe care,NA,NA,1,8.99,31/01/2019 12:38,"Dorpsstraat 11, 1013VS Rotterdam"
37694,Shoes,F,Ankle Boots,38,grey,1,119.99,02/01/2019 22:03,"Nijverheidsweg 75, 1000NK Arnhem"
37694,Shoes,F,Ankle Boots,38,brown,1,119.99,02/01/2019 22:03,"Nijverheidsweg 75, 1000NK Arnhem"
37695,Bags,M,Laptopbag,NA,black,1,99.99,11/01/2019 01:13,"Margrietstraat 18, 1066UJ Eindhoven"
37695,Accessories,M,Scarf,NA,brown,1,24.99,11/01/2019 01:13,"Margrietstraat 18, 1066UJ Eindhoven"
37696,Shoes,M,Boots,37,multicolor,1,119.99,14/01/2019 14:01,"Kerkpad 96, 1084HL Den Haag"
37697,Accessories,M,Socks,NA,beige,1,7.99,03/01/2019 08:26,"Groeneweg 21, 1042UW Rotterdam"
37698,Shoes,M,Combat,40,beige,1,119.99,06/01/2019 15:09,"Lindenlaan 26, 1031NF Amsterdam"
37698,Shoes,M,Sneakers,40,grey,1,99.99,06/01/2019 15:09,"Lindenlaan 26, 1031NF Amsterdam"
37699,Accessories,F,Belt,NA,silver,1,29.99,24/01/2019 07:53,"Kerkstraat 61, 1029MN Den Haag"
37700,Bags,M,Laptopbag,NA,grey,1,99.99,20/01/2019 20:10,"Groeneweg 65, 1076DB Amsterdam"
37701,Shoes,F,Ballerinas,36,black,1,79.95,12/01/2019 13:38,"Tuinstraat 8, 1050AX Apeldoorn"
37701,Accessories,F,Scarf,NA,grey,1,24.99,12/01/2019 13:38,"Tuinstraat 8, 1050AX Apeldoorn"
37702,Shoes,F,Ankle Boots,42,green,1,119.99,31/01/2019 12:26,"Nijverheidsweg 98, 1083GD Amsterdam"
37703,Shoes,M,Combat,36,black,1,119.99,25/01/2019 09:19,"Hogeweg 77, 1098TR Groningen"
37704,Shoes,F,Wedges,40,black,1,69.95,25/01/2019 18:12,"Hoofdstraat 23, 1015RA Tilburg"
37705,Shoes,M,Sneakers,36,grey,1,99.99,31/01/2019 08:15,"Frans Halsstraat 76, 1099ZZ Breda"
37706,Shoes,F,Ankle Boots,41,brown,1,119.99,14/01/2019 23:40,"Kerkstraat 46, 1099QK Den Haag"
37707,Bags,F,Backpack,NA,white,1,59.99,31/01/2019 16:29,"Spoorstraat 55, 1057NU Tilburg"
37708,Shoes,F,Calf Boots,37,black,1,149.99,23/01/2019 13:46,"Rijksweg 55, 1085LM Den Haag"
37708,Bags,F,Shopper,NA,black,1,79.99,23/01/2019 13:46,"Rijksweg 55, 1085LM Den Haag"
37709,Shoes,F,Ankle Boots,41,black,1,119.99,12/01/2019 17:26,"Beukenlaan 48, 1047OI Nijmegen"
37710,Shoes,M,Sneakers,39,black,1,99.99,24/01/2019 12:51,"Kerkweg 45, 1097AG Almere"
37710,Shoes,M,Boots,39,grey,1,119.99,24/01/2019 12:51,"Kerkweg 45, 1097AG Almere"
37711,Accessories,M,Belt,NA,grey,1,29.99,28/01/2019 16:10,"Rijksweg 19, 1012DI Amersfoort"
37712,Shoes,M,Boots,38,multicolor,1,119.99,19/01/2019 23:48,"Prins Bernhardstraat 36, 1050AX Breda"
37712,Shoes,M,Boots,37,multicolor,1,119.99,19/01/2019 23:48,"Prins Bernhardstraat 36, 1050AX Breda"
37713,Shoes,F,Sneakers,41,multicolor,1,99.99,16/01/2019 23:26,"Dorpsstraat 19, 1097YD Amersfoort"
37713,Bags,F,Shopper,NA,multicolor,1,79.99,16/01/2019 23:26,"Dorpsstraat 19, 1097YD Amersfoort"
37714,Accessories,M,Scarf,NA,grey,1,24.99,07/01/2019 09:48,"Tuinstraat 12, 1034FW Rotterdam"
37715,Shoes,M,Boots,40,black,1,119.99,04/01/2019 12:06,"Hogeweg 27, 1017QZ Arnhem"
37716,Shoes,M,Boots,40,grey,1,119.99,09/01/2019 13:17,"Parklaan 65, 1026LR Delft"
37717,Shoes,M,Boots,41,grey,1,119.99,03/01/2019 21:06,"Prins Bernhardstraat 41, 1011QZ Venlo"
37717,Accessories,M,Belt,NA,multicolor,1,29.99,03/01/2019 21:06,"Prins Bernhardstraat 41, 1011QZ Venlo"
37718,Bags,F,Backpack,NA,brown,1,59.99,14/01/2019 14:40,"Beukenlaan 30, 1089UF Arnhem"
37719,Shoes,F,Pumps,41,beige,1,89.99,17/01/2019 22:33,"Prins Beatrixstraat 53, 1063UU Amsterdam"
37720,Shoes,M,Sneakers,41,grey,1,99.99,09/01/2019 21:31,"Hogeweg 4, 1024KO Amsterdam"
37720,Shoes,M,Sneakers,41,grey,1,99.99,09/01/2019 21:31,"Hogeweg 4, 1024KO Amsterdam"
37721,Shoes,F,Ankle Boots,39,pink,1,119.99,16/01/2019 11:11,"Frans Halsstraat 32, 1038OB Utrecht"
37721,Bags,F,Clutch,NA,pink,1,39.99,16/01/2019 11:11,"Frans Halsstraat 32, 1038OB Utrecht"
37722,Shoes,M,Combat,36,brown,1,119.99,02/01/2019 21:01,"Stationsweg 87, 1016LY Breda"
37722,Shoes,M,Boots,36,grey,1,119.99,02/01/2019 21:01,"Stationsweg 87, 1016LY Breda"
37723,Accessories,F,Scarf,NA,brown,1,24.99,22/01/2019 11:21,"Torenstraat 68, 1065QZ Groningen"
37724,Shoes,F,Ankle Boots,37,beige,1,119.99,05/01/2019 12:07,"Kerkweg 5, 1033UM Den Haag"
37725,Shoes,F,Pumps,38,brown,1,89.99,23/01/2019 13:38,"Markt 82, 1066RX Amsterdam"
37726,Shoes,M,Boat shoes,39,brown,1,59.99,04/01/2019 23:35,"Hoofdstraat 29, 1020DV Nijmegen"
37726,Shoes,M,Sneakers,39,brown,1,99.99,04/01/2019 23:35,"Hoofdstraat 29, 1020DV Nijmegen"
37727,Shoes,F,Pumps,42,white,1,89.99,09/01/2019 22:03,"Kerklaan 57, 1001GD Amsterdam"
37728,Shoes,M,Boat shoes,40,beige,1,59.99,21/01/2019 20:26,"Meidoornlaan 30, 1010CE Arnhem"
37729,Shoes,F,Ballerinas,36,brown,1,79.95,15/01/2019 22:13,"Tuinstraat 69, 1010QQ Amersfoort"
37729,Accessories,F,Socks,NA,multicolor,1,7.99,15/01/2019 22:13,"Tuinstraat 69, 1010QQ Amersfoort"
37730,Bags,F,Laptopbag,NA,beige,1,99.99,19/01/2019 13:40,"Eikenlaan 3, 1016NV Utrecht"
37731,Shoes,F,Ankle Boots,40,black,1,119.99,13/01/2019 20:36,"Rozenstraat 43, 1070XM Enschede"
37732,Shoes,F,Sneakers,39,brown,1,99.99,23/01/2019 05:10,"Kerkpad 20, 1003XL Amsterdam"
37732,Bags,F,Shopper,NA,brown,1,79.99,23/01/2019 05:10,"Kerkpad 20, 1003XL Amsterdam"
37733,Shoes,M,Combat,37,beige,1,119.99,22/01/2019 16:24,"Rozenstraat 1, 1063LG Eindhoven"
37733,Shoes,M,Boots,37,beige,1,119.99,22/01/2019 16:24,"Rozenstraat 1, 1063LG Eindhoven"
37734,Shoes,M,Loafers,40,green,1,69.99,23/01/2019 14:03,"Dahliastraat 66, 1036ZO Ede"
37734,Shoes,M,Loafers,39,green,1,69.99,23/01/2019 14:03,"Dahliastraat 66, 1036ZO Ede"
37735,Bags,M,Shoulderbag,NA,beige,1,79.99,26/01/2019 01:15,"Prins Hendrikstraat 14, 1080HV Enschede"
37736,Shoes,F,Calf Boots,42,black,1,149.99,25/01/2019 23:11,"Meidoornlaan 8, 1079CL Rotterdam"
37736,Bags,F,Laptopbag,NA,black,1,99.99,25/01/2019 23:11,"Meidoornlaan 8, 1079CL Rotterdam"
37737,Accessories,F,Scarf,NA,black,1,24.99,27/01/2019 18:37,"Middenweg 26, 1089YU Tilburg"
37738,Bags,M,Shoulderbag,NA,multicolor,1,79.99,08/01/2019 20:33,"Parklaan 69, 1083PK Maastricht"
37739,Shoes,M,Sneakers,38,brown,1,99.99,06/01/2019 05:54,"Parklaan 8, 1064PL Haarlem"
37740,Bags,F,Shopper,NA,multicolor,1,79.99,29/01/2019 10:48,"Wilhelminastraat 56, 1017CH Zoetermeer"
37741,Accessories,F,Scarf,NA,grey,1,24.99,17/01/2019 09:21,"Parallelweg 30, 1068OJ Den Haag"
37742,Shoes,M,Combat,41,black,1,119.99,31/01/2019 11:05,"Stationsstraat 63, 1035LT Amsterdam"
37743,Shoes,F,Ankle Boots,36,silver,1,119.99,19/01/2019 16:26,"Dorpsstraat 88, 1004QI Maastricht"
37743,Shoes,F,Ankle Boots,37,silver,1,119.99,19/01/2019 16:26,"Dorpsstraat 88, 1004QI Maastricht"
37744,Shoes,F,Sneakers,39,black,1,99.99,03/01/2019 11:41,"Markt 33, 1036KP Arnhem"
37744,Shoes,F,Pumps,39,white,1,89.99,03/01/2019 11:41,"Markt 33, 1036KP Arnhem"
37745,Shoes,F,Calf Boots,38,green,1,149.99,28/01/2019 21:49,"Wilhelminastraat 74, 1059RB Alphen aan den Rijn"
37745,Bags,F,Shoulderbag,NA,green,1,79.99,28/01/2019 21:49,"Wilhelminastraat 74, 1059RB Alphen aan den Rijn"
37746,Shoes,F,Sneakers,40,black,1,99.99,31/01/2019 18:01,"Hogeweg 26, 1041QY Utrecht"
37747,Shoes,M,Flip Flops,37,beige,1,29.99,23/01/2019 20:20,"Emmastraat 68, 1061IF Leeuwarden"
37747,Shoes,M,Combat,37,grey,1,119.99,23/01/2019 20:20,"Emmastraat 68, 1061IF Leeuwarden"
37748,Shoes,F,Sneakers,41,beige,1,99.99,29/01/2019 22:51,"Beukenlaan 98, 1055VH Apeldoorn"
37748,Shoes,F,Calf Boots,41,multicolor,1,149.99,29/01/2019 22:51,"Beukenlaan 98, 1055VH Apeldoorn"
37749,Shoes,M,Combat,40,red,1,119.99,29/01/2019 20:20,"Juliana-straat 38, 1077QE 's-Hertogenbosch"
37749,Bags,M,Backpack,NA,red,1,59.99,29/01/2019 20:20,"Juliana-straat 38, 1077QE 's-Hertogenbosch"
37750,Shoes,F,Calf Boots,41,black,1,149.99,26/01/2019 16:52,"Prins Hendrikstraat 9, 1011SO Zoetermeer"
37750,Shoes,F,Ankle Boots,41,grey,1,119.99,26/01/2019 16:52,"Prins Hendrikstraat 9, 1011SO Zoetermeer"
37751,Shoes,F,Calf Boots,41,brown,1,149.99,06/01/2019 19:57,"Schoolstraat 24, 1014PZ Eindhoven"
37752,Bags,M,Shoulderbag,NA,brown,1,79.99,26/01/2019 20:27,"Dahliastraat 18, 1035QM Leiden"
37753,Shoes,F,Ankle Boots,42,beige,1,119.99,06/01/2019 22:44,"Molenstraat 82, 1069QS Zaandam"
37754,Shoes,M,Flip Flops,35,white,1,29.99,01/01/2019 18:52,"Kerklaan 40, 1078XI Utrecht"
37755,Shoes,M,Loafers,35,grey,1,69.99,25/01/2019 16:41,"Margrietstraat 39, 1046PE Enschede"
37756,Shoes,F,Sneakers,41,brown,1,99.99,21/01/2019 17:18,"Industrieweg 82, 1022EZ Breda"
37757,Accessories,F,Sunglasses,NA,white,1,39.99,13/01/2019 13:33,"Stationsplein 67, 1001TX Den Haag"
37758,Shoes,M,Flip Flops,37,brown,1,29.99,16/01/2019 07:44,"Parklaan 83, 1020ZZ Amersfoort"
37759,Shoes,M,Boots,42,black,1,119.99,19/01/2019 18:45,"Nieuweweg 22, 1054JO Den Haag"
37760,Shoes,F,Calf Boots,35,black,1,149.99,17/01/2019 12:12,"Molenstraat 56, 1001LS Utrecht"
37761,Shoes,M,Combat,39,black,1,119.99,02/01/2019 13:21,"Kerkpad 5, 1077UF Rotterdam"
37762,Shoes,M,Combat,40,grey,1,119.99,22/01/2019 12:57,"Bosweg 44, 1057CX Rotterdam"
37762,Shoes,M,Boots,40,black,1,119.99,22/01/2019 12:57,"Bosweg 44, 1057CX Rotterdam"
37763,Shoes,M,Sneakers,40,multicolor,1,99.99,04/01/2019 00:19,"Dorpsstraat 93, 1053CQ Amsterdam"
37763,Shoes,M,Sandals,40,green,1,49.99,04/01/2019 00:19,"Dorpsstraat 93, 1053CQ Amsterdam"
37764,Shoes,M,Boots,37,brown,1,119.99,06/01/2019 00:58,"Nieuwstraat 85, 1017AG Arnhem"
37765,Shoes,M,Combat,40,beige,1,119.99,24/01/2019 19:19,"Nijverheidsweg 23, 1053YI Dordrecht"
37766,Shoes,F,Calf Boots,37,grey,1,149.99,12/01/2019 22:09,"Kloosterstraat 7, 1035VL Zwolle"
37767,Shoes,F,Ballerinas,42,black,1,79.95,01/01/2019 10:53,"Parallelweg 33, 1015IR Arnhem"
37768,Bags,M,Laptopbag,NA,beige,1,99.99,28/01/2019 12:00,"Rozenstraat 58, 1081ZW Den Haag"
37769,Shoes,F,Sneakers,38,black,1,99.99,11/01/2019 16:15,"Stationsweg 23, 1039KU Alkmaar"
37769,Shoes,F,Sneakers,38,white,1,99.99,11/01/2019 16:15,"Stationsweg 23, 1039KU Alkmaar"
37770,Shoes,F,Calf Boots,39,grey,1,149.99,07/01/2019 23:42,"Dahliastraat 90, 1052KU Groningen"
37771,Shoes,F,Ballerinas,39,grey,1,79.95,03/01/2019 19:47,"Kerkstraat 66, 1072MY Maastricht"
37772,Shoes,M,Boots,40,brown,1,119.99,30/01/2019 16:32,"Meidoornlaan 37, 1023MK Amsterdam"
37773,Shoes,F,Ankle Boots,40,beige,1,119.99,10/01/2019 15:56,"Havenstraat 72, 1055CI Leeuwarden"
37774,Accessories,M,Scarf,NA,brown,1,24.99,12/01/2019 22:57,"Parallelweg 68, 1065JM Rotterdam"
37775,Shoes,F,Ankle Boots,37,black,1,119.99,28/01/2019 08:25,"Torenstraat 86, 1057ZH Amsterdam"
37775,Bags,F,Backpack,NA,black,1,59.99,28/01/2019 08:25,"Torenstraat 86, 1057ZH Amsterdam"
37776,Accessories,F,Gloves,NA,black,3,14.99,24/01/2019 16:18,"Hoogstraat 46, 1073SE Rotterdam"
37777,Shoes,M,Combat,38,beige,1,119.99,12/01/2019 11:19,"Stationsplein 35, 1091RW Deventer"
37778,Shoes,M,Boots,40,black,1,119.99,07/01/2019 17:15,"Stationsweg 17, 1054GJ Zaandam"
37779,Shoes,M,Boots,40,beige,1,119.99,12/01/2019 17:35,"Wilhelminastraat 27, 1033KC Emmen"
37779,Shoes,M,Boots,39,beige,1,119.99,12/01/2019 17:35,"Wilhelminastraat 27, 1033KC Emmen"
37780,Shoes,F,Ankle Boots,39,grey,1,119.99,08/01/2019 22:59,"Kerkplein 57, 1033XI Den Haag"
37780,Shoes,F,Ankle Boots,39,grey,1,119.99,08/01/2019 22:59,"Kerkplein 57, 1033XI Den Haag"
37781,Accessories,F,Gloves,NA,white,1,14.99,18/01/2019 22:46,"Raadhuisplein 29, 1029GF Enschede"
37782,Shoes,F,Sneakers,40,blue,1,99.99,31/01/2019 20:48,"Julianalaan 24, 1025FJ Ede"
37782,Accessories,NA,Shoe care,NA,NA,1,8.99,31/01/2019 20:48,"Julianalaan 24, 1025FJ Ede"
37783,Shoes,M,Combat,41,beige,1,119.99,09/01/2019 11:49,"Hogeweg 23, 1010NH Amsterdam"
37784,Bags,F,Laptopbag,NA,black,1,99.99,20/01/2019 18:46,"Molenweg 39, 1082FZ Haarlem"
37784,Accessories,F,Gloves,NA,brown,1,14.99,20/01/2019 18:46,"Molenweg 39, 1082FZ Haarlem"
37785,Bags,F,Clutch,NA,grey,1,39.99,07/01/2019 20:41,"Schoolstraat 87, 1013XH Alkmaar"
37786,Shoes,M,Combat,38,black,1,119.99,25/01/2019 01:30,"Kerkpad 65, 1086ZJ Den Haag"
37787,Bags,F,Handbag,NA,multicolor,1,99.99,14/01/2019 17:05,"Havenstraat 39, 1082VJ Delft"
37788,Shoes,M,Loafers,40,grey,1,69.99,06/01/2019 12:36,"Markt 18, 1064KS Amsterdam"
37789,Shoes,F,Calf Boots,38,gold,1,149.99,04/01/2019 22:42,"Kastanjelaan 50, 1061LJ Ede"
37789,Shoes,F,Calf Boots,39,gold,1,149.99,04/01/2019 22:42,"Kastanjelaan 50, 1061LJ Ede"
37790,Shoes,F,Ballerinas,37,brown,1,79.95,05/01/2019 14:07,"Kievitstraat 39, 1019XZ Zoetermeer"
37790,Bags,F,Handbag,NA,brown,1,99.99,05/01/2019 14:07,"Kievitstraat 39, 1019XZ Zoetermeer"
37791,Shoes,F,Sneakers,40,black,1,99.99,20/01/2019 19:24,"Berkenlaan 75, 1091OD Groningen"
37792,Shoes,M,Boots,38,brown,1,119.99,02/01/2019 12:47,"Meidoornstraat 9, 1023GO Amsterdam"
37793,Shoes,M,Combat,36,grey,1,119.99,23/01/2019 12:49,"Julianalaan 15, 1022PW Den Haag"
37794,Shoes,F,Wedges,42,pink,1,69.95,31/01/2019 13:07,"Dahliastraat 56, 1033MZ Zwolle"
37795,Shoes,F,Pumps,42,brown,1,89.99,18/01/2019 18:05,"Kerkstraat 66, 1006JJ Utrecht"
37795,Shoes,F,Sneakers,42,black,1,99.99,18/01/2019 18:05,"Kerkstraat 66, 1006JJ Utrecht"
37796,Shoes,M,Boots,42,brown,1,119.99,24/01/2019 01:12,"Prins Bernhardstraat 82, 1047PR Zaandam"
37796,Accessories,M,Socks,NA,brown,1,7.99,24/01/2019 01:12,"Prins Bernhardstraat 82, 1047PR Zaandam"
37797,Shoes,M,Sneakers,35,white,1,99.99,22/01/2019 02:27,"Stationsstraat 86, 1045NA Utrecht"
37798,Accessories,F,Scarf,NA,grey,1,24.99,27/01/2019 09:00,"Kerkpad 57, 1083FJ Zwolle"
37799,Shoes,F,Sneakers,40,multicolor,1,99.99,04/01/2019 21:23,"Meidoornstraat 99, 1084GK Maastricht"
37799,Shoes,F,Calf Boots,40,brown,1,149.99,04/01/2019 21:23,"Meidoornstraat 99, 1084GK Maastricht"
37800,Shoes,F,Sneakers,39,grey,1,99.99,18/01/2019 08:55,"Frans Halsstraat 26, 1070EZ Zwolle"
37801,Bags,F,Laptopbag,NA,black,1,99.99,22/01/2019 18:41,"Beatrixstraat 20, 1051GM Leeuwarden"
37802,Accessories,M,Scarf,NA,grey,1,24.99,28/01/2019 20:40,"Leeuwerikstraat 43, 1073BH Tilburg"
37803,Accessories,M,Wallet,NA,black,1,19.99,31/01/2019 14:08,"Nieuweweg 92, 1086BV Rotterdam"
37804,Shoes,F,Ankle Boots,35,brown,1,119.99,14/01/2019 10:12,"Beukenlaan 81, 1045RN Tilburg"
37804,Accessories,F,Belt,NA,grey,1,29.99,14/01/2019 10:12,"Beukenlaan 81, 1045RN Tilburg"
37805,Accessories,F,Wallet,NA,beige,1,19.99,08/01/2019 08:01,"Hogeweg 42, 1005MF Amersfoort"
37806,Accessories,F,Socks,NA,white,1,7.99,20/01/2019 10:03,"Prins Bernhardstraat 19, 1016DI Arnhem"
37807,Shoes,F,Ankle Boots,37,grey,1,119.99,16/01/2019 14:00,"Leliestraat 65, 1089RE Maastricht"
37807,Shoes,F,Ankle Boots,37,brown,1,119.99,16/01/2019 14:00,"Leliestraat 65, 1089RE Maastricht"
37808,Shoes,F,Pumps,39,black,1,89.99,13/01/2019 13:36,"Lindenlaan 54, 1063KA Tilburg"
37808,Accessories,F,Gloves,NA,white,1,14.99,13/01/2019 13:36,"Lindenlaan 54, 1063KA Tilburg"
37809,Shoes,M,Sandals,40,beige,1,49.99,10/01/2019 18:23,"Rijksweg 29, 1006MA Zoetermeer"
37809,Shoes,M,Boots,40,green,1,119.99,10/01/2019 18:23,"Rijksweg 29, 1006MA Zoetermeer"
37810,Shoes,F,Ballerinas,40,green,1,79.95,07/01/2019 21:44,"Irenestraat 3, 1052XE Ede"
37811,Accessories,M,Belt,NA,grey,1,29.99,24/01/2019 19:15,"Nieuwstraat 41, 1020VH Amsterdam"
37812,Shoes,F,Ankle Boots,38,grey,1,119.99,24/01/2019 18:03,"Kruisstraat 77, 1093MO Haarlem"
37812,Shoes,F,Sneakers,38,grey,2,99.99,24/01/2019 18:03,"Kruisstraat 77, 1093MO Haarlem"
37813,Shoes,M,Boots,37,beige,1,119.99,24/01/2019 21:05,"Stationsstraat 84, 1044DM Eindhoven"
37814,Shoes,F,Sneakers,40,beige,1,99.99,15/01/2019 15:20,"Hoofdstraat 49, 1018EL Den Haag"
37815,Shoes,M,Combat,35,brown,1,119.99,18/01/2019 20:13,"Kerkstraat 47, 1003XU Rotterdam"
37816,Shoes,F,Calf Boots,42,black,1,149.99,03/01/2019 16:09,"Beatrixstraat 10, 1017YW Breda"
37817,Shoes,F,Ballerinas,39,beige,1,79.95,01/01/2019 11:05,"Stationsstraat 30, 1088TG Zaandam"
37817,Bags,F,Clutch,NA,beige,1,39.99,01/01/2019 11:05,"Stationsstraat 30, 1088TG Zaandam"
37818,Bags,F,Shopper,NA,beige,1,79.99,23/01/2019 18:41,"Rozenstraat 75, 1076TY Almere"
37819,Accessories,F,Scarf,NA,black,1,24.99,29/01/2019 07:44,"Kerklaan 56, 1007KH Nijmegen"
37820,Shoes,M,Combat,37,red,1,119.99,23/01/2019 13:24,"Raadhuisplein 37, 1023XR Amsterdam"
37821,Shoes,M,Combat,39,beige,1,119.99,19/01/2019 10:37,"Parklaan 96, 1037LB Amsterdam"
37822,Accessories,F,Scarf,NA,grey,1,24.99,14/01/2019 07:23,"Kerkplein 40, 1065NR Den Haag"
37823,Shoes,F,Ankle Boots,37,brown,1,119.99,07/01/2019 13:25,"Hoofdstraat 60, 1085NL Dordrecht"
37823,Bags,F,Shopper,NA,brown,1,79.99,07/01/2019 13:25,"Hoofdstraat 60, 1085NL Dordrecht"
37824,Shoes,F,Sandals,39,grey,1,49.99,22/01/2019 16:00,"Eikenlaan 90, 1055JV Utrecht"
37824,Shoes,F,Calf Boots,39,beige,1,149.99,22/01/2019 16:00,"Eikenlaan 90, 1055JV Utrecht"
37825,Bags,M,Shoulderbag,NA,black,1,79.99,24/01/2019 16:30,"Prins Beatrixstraat 51, 1090VA Den Haag"
37826,Shoes,F,Calf Boots,36,green,1,149.99,22/01/2019 20:30,"Prins Beatrixstraat 90, 1097TU Apeldoorn"
37827,Shoes,F,Wedges,39,beige,1,69.95,08/01/2019 12:55,"Prins Hendrikstraat 71, 1074CY Zwolle"
37827,Shoes,F,Ankle Boots,39,green,1,119.99,08/01/2019 12:55,"Prins Hendrikstraat 71, 1074CY Zwolle"
37828,Shoes,M,Flip Flops,40,grey,1,29.99,17/01/2019 20:11,"Dorpsstraat 9, 1000FU Apeldoorn"
37829,Accessories,F,Gloves,NA,black,2,14.99,20/01/2019 11:25,"Rozenstraat 85, 1059DI Groningen"
37830,Shoes,F,Pumps,38,multicolor,1,89.99,28/01/2019 14:57,"Groeneweg 56, 1095SP Breda"
37831,Shoes,M,Combat,39,grey,1,119.99,15/01/2019 23:05,"Schoolstraat 46, 1092OW Ede"
37832,Shoes,M,Boots,38,black,1,119.99,30/01/2019 13:01,"Kerkstraat 85, 1008YP Leeuwarden"
37832,Shoes,M,Boots,38,black,1,119.99,30/01/2019 13:01,"Kerkstraat 85, 1008YP Leeuwarden"
37833,Accessories,F,Belt,NA,black,1,29.99,30/01/2019 23:43,"Spoorstraat 40, 1031FT Rotterdam"
37834,Shoes,M,Boots,39,white,1,119.99,23/01/2019 18:20,"Kastanjelaan 49, 1063KL Groningen"
37835,Accessories,F,Socks,NA,brown,1,7.99,12/01/2019 14:11,"Dorpsstraat 11, 1016RQ Leiden"
37836,Shoes,M,Combat,39,beige,1,119.99,16/01/2019 16:55,"Bosweg 46, 1068FK Den Haag"
37836,Shoes,M,Sneakers,39,beige,1,99.99,16/01/2019 16:55,"Bosweg 46, 1068FK Den Haag"
37837,Shoes,M,Sneakers,38,grey,1,99.99,10/01/2019 05:45,"Industrieweg 87, 1035GR Rotterdam"
37838,Shoes,M,Flip Flops,39,grey,1,29.99,19/01/2019 01:36,"Leeuwerikstraat 28, 1045OS Den Haag"
37839,Shoes,M,Boots,40,black,1,119.99,22/01/2019 18:42,"Parallelweg 21, 1099VD Amsterdam"
37839,Shoes,M,Flip Flops,40,multicolor,1,29.99,22/01/2019 18:42,"Parallelweg 21, 1099VD Amsterdam"
37840,Shoes,F,Pumps,39,beige,1,89.99,18/01/2019 10:37,"Molenstraat 58, 1094IT Enschede"
37841,Shoes,F,Pumps,37,brown,1,89.99,08/01/2019 18:09,"Molenstraat 1, 1040GF Apeldoorn"
37842,Shoes,F,Calf Boots,39,beige,1,149.99,11/01/2019 09:50,"Dahliastraat 36, 1010TK Utrecht"
37842,Shoes,F,Sneakers,39,beige,1,99.99,11/01/2019 09:50,"Dahliastraat 36, 1010TK Utrecht"
37843,Shoes,F,Sneakers,41,multicolor,1,99.99,23/01/2019 07:00,"Markt 66, 1060BY Nijmegen"
37844,Shoes,M,Boots,38,black,1,119.99,18/01/2019 11:14,"Kerkweg 22, 1055UP Amsterdam"
37845,Accessories,M,Socks,NA,multicolor,1,7.99,18/01/2019 11:43,"Frans Halsstraat 18, 1015PC Den Haag"
37846,Shoes,F,Pumps,38,multicolor,1,89.99,02/01/2019 11:54,"Middenweg 89, 1025LA Alkmaar"
37847,Accessories,M,Gloves,NA,black,1,14.99,15/01/2019 10:30,"Groeneweg 91, 1004NH 's-Hertogenbosch"
37848,Shoes,F,Ballerinas,36,red,1,79.95,24/01/2019 22:10,"Groeneweg 24, 1079FP Amsterdam"
37849,Shoes,F,Ankle Boots,41,beige,1,119.99,03/01/2019 21:00,"Oranjestraat 80, 1055ZJ Enschede"
37850,Bags,F,Backpack,NA,multicolor,1,59.99,14/01/2019 09:42,"Stationsweg 47, 1003AC Den Haag"
37851,Shoes,M,Sneakers,38,brown,1,99.99,07/01/2019 22:14,"Dorpsstraat 84, 1072DD Groningen"
37851,Bags,M,Shoulderbag,NA,brown,1,79.99,07/01/2019 22:14,"Dorpsstraat 84, 1072DD Groningen"
37852,Bags,F,Backpack,NA,black,1,59.99,01/01/2019 23:22,"Esdoornstraat 93, 1089XN Tilburg"
37853,Shoes,M,Combat,36,multicolor,1,119.99,15/01/2019 19:47,"Raadhuisstraat 60, 1058PA Leiden"
37854,Shoes,F,Wedges,38,black,1,69.95,22/01/2019 12:14,"Lindenlaan 69, 1051WJ Amsterdam"
37854,Shoes,F,Wedges,39,black,1,69.95,22/01/2019 12:14,"Lindenlaan 69, 1051WJ Amsterdam"
37855,Shoes,F,Calf Boots,40,black,1,149.99,29/01/2019 09:41,"Molenweg 43, 1092VJ Utrecht"
37855,Shoes,F,Pumps,40,black,1,89.99,29/01/2019 09:41,"Molenweg 43, 1092VJ Utrecht"
37856,Shoes,F,Calf Boots,41,multicolor,1,149.99,14/01/2019 13:59,"Raadhuisplein 11, 1073PD Amsterdam"
37856,Accessories,F,Wallet,NA,grey,1,19.99,14/01/2019 13:59,"Raadhuisplein 11, 1073PD Amsterdam"
37857,Bags,M,Shoulderbag,NA,blue,1,79.99,05/01/2019 09:27,"Hogeweg 58, 1038GJ Alkmaar"
37858,Bags,M,Shoulderbag,NA,black,1,79.99,30/01/2019 20:06,"Frans Halsstraat 26, 1051AK Rotterdam"
37859,Shoes,M,Sneakers,36,beige,1,99.99,27/01/2019 13:17,"Parklaan 76, 1015JU Groningen"
37860,Accessories,F,Socks,NA,grey,1,7.99,25/01/2019 21:18,"Beukenlaan 81, 1008ND Arnhem"
37861,Shoes,M,Combat,42,multicolor,1,119.99,16/01/2019 18:56,"Stationsstraat 43, 1061JD Dordrecht"
37862,Shoes,M,Combat,39,brown,1,119.99,21/01/2019 18:14,"Middenweg 36, 1017RN Utrecht"
37862,Accessories,M,Gloves,NA,grey,1,14.99,21/01/2019 18:14,"Middenweg 36, 1017RN Utrecht"
37863,Shoes,F,Calf Boots,37,black,1,149.99,11/01/2019 20:19,"Hoofdstraat 75, 1035CN Eindhoven"
37864,Accessories,M,Scarf,NA,black,1,24.99,12/01/2019 23:19,"Tuinstraat 73, 1082CR Amsterdam"
37865,Shoes,F,Pumps,36,beige,1,89.99,10/01/2019 11:12,"Hogeweg 54, 1055MG Amsterdam"
37866,Shoes,F,Sneakers,36,brown,1,99.99,06/01/2019 05:10,"Kerklaan 26, 1060QR Enschede"
37866,Shoes,F,Calf Boots,36,multicolor,1,149.99,06/01/2019 05:10,"Kerklaan 26, 1060QR Enschede"
37867,Bags,M,Shoulderbag,NA,beige,1,79.99,03/01/2019 18:08,"Parallelweg 29, 1003UM Arnhem"
37868,Bags,M,Laptopbag,NA,grey,1,99.99,25/01/2019 16:40,"Bosweg 88, 1074WN Zwolle"
37869,Shoes,M,Sneakers,41,beige,1,99.99,24/01/2019 13:03,"Prins Beatrixstraat 48, 1012TC Utrecht"
37870,Shoes,F,Calf Boots,38,black,1,149.99,16/01/2019 14:39,"Havenstraat 30, 1038VJ 's-Hertogenbosch"
37871,Shoes,M,Combat,39,grey,1,119.99,31/01/2019 21:42,"Havenstraat 41, 1008HY Amsterdam"
37872,Bags,M,Shoulderbag,NA,brown,1,79.99,05/01/2019 14:10,"Kerklaan 54, 1000TK Venlo"
37873,Shoes,F,Calf Boots,37,beige,1,149.99,17/01/2019 20:33,"Molenweg 99, 1091TE Ede"
37874,Shoes,F,Calf Boots,41,brown,1,149.99,05/01/2019 20:34,"Schoolstraat 50, 1006EO Eindhoven"
37875,Shoes,F,Sneakers,36,beige,1,99.99,02/01/2019 10:06,"Sportlaan 93, 1061QU Den Haag"
37875,Shoes,F,Sneakers,36,black,1,99.99,02/01/2019 10:06,"Sportlaan 93, 1061QU Den Haag"
37876,Shoes,F,Pumps,38,grey,1,89.99,05/01/2019 21:20,"Nijverheidsweg 22, 1033OF Den Haag"
37877,Shoes,M,Boat shoes,38,green,1,59.99,31/01/2019 10:55,"Leeuwerikstraat 31, 1007GA Den Haag"
37878,Bags,F,Laptopbag,NA,grey,1,99.99,13/01/2019 11:25,"Eikenlaan 24, 1088OV Venlo"
37879,Shoes,F,Calf Boots,41,grey,1,149.99,09/01/2019 17:36,"Tuinstraat 25, 1021DK Den Haag"
37880,Accessories,NA,Shoe care,NA,NA,1,8.99,17/01/2019 06:32,"Bosweg 15, 1042EB Den Haag"
37881,Shoes,F,Pumps,37,brown,1,89.99,19/01/2019 17:01,"Kerkplein 91, 1095GZ Amersfoort"
37881,Shoes,F,Calf Boots,37,brown,1,149.99,19/01/2019 17:01,"Kerkplein 91, 1095GZ Amersfoort"
37882,Accessories,M,Gloves,NA,black,1,14.99,08/01/2019 21:16,"Tuinstraat 47, 1012EU Tilburg"
37883,Shoes,F,Sandals,40,multicolor,1,49.99,17/01/2019 09:42,"Spoorstraat 11, 1013AK Rotterdam"
37883,Shoes,F,Sneakers,40,white,1,99.99,17/01/2019 09:42,"Spoorstraat 11, 1013AK Rotterdam"
37884,Shoes,M,Boots,42,black,1,119.99,07/01/2019 13:20,"Raadhuisstraat 15, 1087HT Amersfoort"
37884,Shoes,M,Boots,41,black,1,119.99,07/01/2019 13:20,"Raadhuisstraat 15, 1087HT Amersfoort"
37885,Bags,F,Laptopbag,NA,black,1,99.99,05/01/2019 12:47,"Kerklaan 7, 1070UK Amsterdam"
37886,Accessories,M,Scarf,NA,black,2,24.99,26/01/2019 14:10,"Havenstraat 67, 1092VC Den Haag"
37887,Shoes,F,Ankle Boots,35,gold,1,119.99,24/01/2019 06:49,"Stationsweg 75, 1013GG Zaandam"
37888,Shoes,F,Ballerinas,38,grey,2,79.95,24/01/2019 07:47,"Kerkstraat 54, 1054BP Amsterdam"
37889,Shoes,F,Ankle Boots,38,brown,1,119.99,30/01/2019 09:04,"Juliana-straat 53, 1035AM Venlo"
37889,Shoes,F,Sneakers,38,brown,1,99.99,30/01/2019 09:04,"Juliana-straat 53, 1035AM Venlo"
37890,Bags,M,Shoulderbag,NA,beige,1,79.99,13/01/2019 22:11,"Parklaan 76, 1022OI Rotterdam"
37891,Shoes,F,Ballerinas,40,brown,1,79.95,11/01/2019 11:11,"Stationsplein 17, 1017EE Alphen aan den Rijn"
37891,Shoes,F,Ballerinas,41,brown,1,79.95,11/01/2019 11:11,"Stationsplein 17, 1017EE Alphen aan den Rijn"
37892,Shoes,F,Calf Boots,38,brown,1,149.99,26/01/2019 22:29,"Nieuweweg 31, 1026CA Deventer"
37893,Accessories,M,Belt,NA,brown,1,29.99,15/01/2019 22:27,"Dahliastraat 76, 1023WV Amsterdam"
37894,Shoes,F,Sneakers,38,grey,1,99.99,21/01/2019 14:31,"Groeneweg 42, 1055TU Groningen"
37894,Bags,F,Handbag,NA,black,1,99.99,21/01/2019 14:31,"Groeneweg 42, 1055TU Groningen"
37895,Shoes,F,Ballerinas,40,red,1,79.95,25/01/2019 14:54,"Torenstraat 99, 1094CR Den Haag"
37895,Shoes,F,Wedges,40,black,1,69.95,25/01/2019 14:54,"Torenstraat 99, 1094CR Den Haag"
37896,Shoes,F,Calf Boots,36,brown,1,149.99,04/01/2019 18:42,"Prins Bernhardstraat 65, 1022CT Tilburg"
37897,Shoes,M,Combat,40,brown,1,119.99,12/01/2019 20:57,"Emmastraat 47, 1033QY Ede"
37898,Shoes,F,Sneakers,40,beige,1,99.99,06/01/2019 18:53,"Kastanjelaan 54, 1097WA Rotterdam"
37898,Shoes,F,Ballerinas,40,silver,1,79.95,06/01/2019 18:53,"Kastanjelaan 54, 1097WA Rotterdam"
37899,Shoes,F,Pumps,40,grey,1,89.99,21/01/2019 22:49,"Stationsweg 29, 1002WX Maastricht"
37900,Shoes,F,Sneakers,37,black,1,99.99,12/01/2019 14:17,"Raadhuisplein 54, 1000ET Zoetermeer"
37900,Shoes,F,Sneakers,37,multicolor,1,99.99,12/01/2019 14:17,"Raadhuisplein 54, 1000ET Zoetermeer"
37901,Shoes,F,Ankle Boots,38,multicolor,1,119.99,02/01/2019 18:24,"Irenestraat 23, 1028OX Rotterdam"
37902,Shoes,F,Sandals,40,black,1,49.99,21/01/2019 11:57,"Rijksweg 50, 1018ML Leeuwarden"
37902,Shoes,F,Calf Boots,40,brown,1,149.99,21/01/2019 11:57,"Rijksweg 50, 1018ML Leeuwarden"
37903,Bags,M,Shoulderbag,NA,brown,1,79.99,13/01/2019 13:55,"Prins Beatrixstraat 49, 1067MM Alphen aan den Rijn"
37904,Shoes,M,Boots,41,black,1,119.99,22/01/2019 11:32,"Kievitstraat 31, 1080UH Groningen"
37904,Shoes,M,Boots,42,black,1,119.99,22/01/2019 11:32,"Kievitstraat 31, 1080UH Groningen"
37905,Accessories,F,Gloves,NA,brown,1,14.99,27/01/2019 13:32,"Berkenlaan 71, 1049LF Zaandam"
37906,Accessories,M,Socks,NA,black,1,7.99,11/01/2019 12:08,"Molenweg 61, 1090XE Emmen"
37907,Shoes,F,Sandals,39,beige,1,49.99,29/01/2019 03:52,"Hoofdstraat 99, 1083RL Breda"
37907,Shoes,F,Sandals,38,beige,1,49.99,29/01/2019 03:52,"Hoofdstraat 99, 1083RL Breda"
37908,Shoes,F,Ankle Boots,37,grey,1,119.99,29/01/2019 15:45,"Parklaan 40, 1002RZ Rotterdam"
37909,Shoes,M,Sneakers,38,beige,1,99.99,10/01/2019 11:50,"Beukenlaan 71, 1032UR Amsterdam"
37910,Bags,F,Backpack,NA,black,1,59.99,19/01/2019 09:24,"Tuinstraat 29, 1017XV Den Haag"
37911,Bags,F,Shopper,NA,grey,1,79.99,20/01/2019 17:52,"Stationsplein 80, 1054FX Venlo"
37911,Accessories,F,Wallet,NA,black,1,19.99,20/01/2019 17:52,"Stationsplein 80, 1054FX Venlo"
37912,Shoes,F,Sneakers,39,brown,1,99.99,17/01/2019 11:23,"Kruisstraat 24, 1024LP Tilburg"
37912,Shoes,F,Pumps,39,black,1,89.99,17/01/2019 11:23,"Kruisstraat 24, 1024LP Tilburg"
37913,Bags,F,Clutch,NA,silver,1,39.99,29/01/2019 20:58,"Sportlaan 92, 1019KO Amsterdam"
37914,Shoes,M,Flip Flops,39,beige,1,29.99,05/01/2019 17:16,"Tuinstraat 29, 1082CJ Alphen aan den Rijn"
37915,Shoes,F,Pumps,41,multicolor,1,89.99,30/01/2019 10:55,"Nieuweweg 96, 1013UE Nijmegen"
37916,Accessories,F,Scarf,NA,brown,1,24.99,11/01/2019 13:33,"Sportlaan 63, 1061BJ Deventer"
37917,Accessories,NA,Shoe care,NA,NA,1,8.99,05/01/2019 15:05,"Oranjestraat 27, 1039NV Arnhem"
37918,Bags,F,Handbag,NA,beige,1,99.99,24/01/2019 22:34,"Beatrixstraat 60, 1052IA Amsterdam"
37919,Accessories,F,Scarf,NA,grey,1,24.99,09/01/2019 12:57,"Kerkstraat 75, 1052LX Rotterdam"
37920,Shoes,M,Boots,38,black,1,119.99,27/01/2019 16:23,"Rijksweg 89, 1016NE Venlo"
37921,Shoes,F,Ballerinas,42,grey,1,79.95,26/01/2019 09:52,"Sportlaan 44, 1007ES Den Haag"
37922,Bags,F,Backpack,NA,brown,1,59.99,19/01/2019 13:05,"Meidoornlaan 30, 1080ZE Almere"
37923,Shoes,F,Ankle Boots,36,grey,1,119.99,20/01/2019 19:26,"Tuinstraat 45, 1017GY Alphen aan den Rijn"
37924,Shoes,F,Ballerinas,39,red,1,79.95,01/02/2019 00:34,"Julianalaan 41, 1036EC Arnhem"
37925,Shoes,M,Combat,41,white,1,119.99,25/01/2019 13:15,"Molenstraat 40, 1050QG 's-Hertogenbosch"
37926,Shoes,F,Sneakers,38,silver,1,99.99,06/01/2019 11:40,"Eikenlaan 20, 1012EO Den Haag"
37926,Shoes,F,Sneakers,37,silver,1,99.99,06/01/2019 11:40,"Eikenlaan 20, 1012EO Den Haag"
37927,Bags,M,Backpack,NA,black,1,59.99,11/01/2019 07:18,"Parklaan 44, 1076CD Apeldoorn"
37928,Shoes,M,Combat,41,black,1,119.99,15/01/2019 17:00,"Groeneweg 80, 1089MI Zwolle"
37929,Shoes,F,Sneakers,40,brown,1,99.99,04/01/2019 05:54,"Kloosterstraat 5, 1046TE Haarlem"
37929,Bags,F,Backpack,NA,brown,1,59.99,04/01/2019 05:54,"Kloosterstraat 5, 1046TE Haarlem"
37930,Shoes,F,Ballerinas,38,beige,1,79.95,15/01/2019 10:40,"Kerkpad 78, 1085MH Apeldoorn"
37930,Shoes,F,Ballerinas,38,silver,1,79.95,15/01/2019 10:40,"Kerkpad 78, 1085MH Apeldoorn"
37931,Bags,M,Backpack,NA,black,1,59.99,31/01/2019 17:33,"Schoolstraat 67, 1005YH Amsterdam"
37932,Shoes,M,Sneakers,38,brown,1,99.99,17/01/2019 08:56,"Prins Bernhardstraat 5, 1070RO Zoetermeer"
37932,Shoes,M,Combat,38,beige,1,119.99,17/01/2019 08:56,"Prins Bernhardstraat 5, 1070RO Zoetermeer"
37933,Accessories,M,Socks,NA,brown,1,7.99,11/01/2019 23:16,"Kloosterstraat 86, 1044UE Amsterdam"
37934,Shoes,F,Ankle Boots,40,multicolor,1,119.99,21/01/2019 09:56,"Meidoornlaan 88, 1015UG Deventer"
37934,Shoes,F,Ankle Boots,39,multicolor,1,119.99,21/01/2019 09:56,"Meidoornlaan 88, 1015UG Deventer"
37935,Shoes,F,Pumps,39,beige,1,89.99,12/01/2019 17:01,"Nieuweweg 35, 1075NL Deventer"
37935,Accessories,NA,Shoe care,NA,NA,1,8.99,12/01/2019 17:01,"Nieuweweg 35, 1075NL Deventer"
37936,Shoes,F,Sneakers,38,beige,1,99.99,25/01/2019 18:57,"Kruisstraat 57, 1033TN Almere"
37937,Shoes,F,Calf Boots,41,silver,1,149.99,18/01/2019 04:12,"Esdoornstraat 12, 1032UG Leiden"
37938,Accessories,F,Gloves,NA,brown,1,14.99,31/01/2019 18:52,"Julianalaan 11, 1085IJ Amsterdam"
37939,Shoes,F,Ankle Boots,40,beige,1,119.99,30/01/2019 22:37,"Raadhuisplein 81, 1019JD Dordrecht"
37939,Accessories,F,Wallet,NA,brown,1,19.99,30/01/2019 22:37,"Raadhuisplein 81, 1019JD Dordrecht"
37940,Shoes,F,Calf Boots,40,black,1,149.99,16/01/2019 15:51,"Berkenlaan 24, 1044RH Amsterdam"
37941,Shoes,F,Ballerinas,41,grey,1,79.95,01/01/2019 23:59,"Eikenlaan 99, 1020YN Den Haag"
37941,Bags,F,Shopper,NA,grey,1,79.99,01/01/2019 23:59,"Eikenlaan 99, 1020YN Den Haag"
37942,Accessories,NA,Shoe care,NA,NA,1,8.99,28/01/2019 21:23,"Markt 86, 1030ST Amsterdam"
37943,Shoes,F,Calf Boots,42,green,1,149.99,27/01/2019 23:51,"Rijksweg 62, 1097BV Venlo"
37943,Accessories,NA,Shoe care,NA,NA,1,8.99,27/01/2019 23:51,"Rijksweg 62, 1097BV Venlo"
37944,Accessories,NA,Shoe care,NA,NA,2,8.99,29/01/2019 13:48,"Prins Bernhardstraat 37, 1019FV Deventer"
37945,Shoes,F,Calf Boots,42,black,1,149.99,02/01/2019 09:45,"Leliestraat 27, 1065GC Utrecht"
37946,Shoes,F,Ankle Boots,40,grey,1,119.99,27/01/2019 10:58,"Beatrixstraat 48, 1049FT Alphen aan den Rijn"
37947,Bags,M,Backpack,NA,brown,1,59.99,17/01/2019 23:14,"Lindenlaan 81, 1080YC Eindhoven"
37948,Bags,F,Backpack,NA,gold,1,59.99,08/01/2019 09:39,"Sportlaan 34, 1076OM Amsterdam"
37949,Shoes,M,Boat shoes,39,grey,1,59.99,30/01/2019 10:09,"Middenweg 93, 1020DD Groningen"
37950,Shoes,F,Sneakers,40,white,1,99.99,11/01/2019 16:23,"Hoogstraat 23, 1085FZ Nijmegen"
37951,Shoes,M,Combat,38,multicolor,1,119.99,11/01/2019 15:26,"Kastanjelaan 17, 1075EW Tilburg"
37952,Shoes,F,Ankle Boots,35,beige,1,119.99,10/01/2019 09:44,"Kerkpad 69, 1066IG Maastricht"
37952,Bags,F,Backpack,NA,gold,1,59.99,10/01/2019 09:44,"Kerkpad 69, 1066IG Maastricht"
37953,Accessories,F,Gloves,NA,brown,1,14.99,26/01/2019 10:52,"Esdoornstraat 20, 1030AT Amsterdam"
37954,Bags,M,Laptopbag,NA,multicolor,1,99.99,26/01/2019 19:04,"Oranjestraat 80, 1046ZP Amsterdam"
37954,Accessories,M,Wallet,NA,brown,1,19.99,26/01/2019 19:04,"Oranjestraat 80, 1046ZP Amsterdam"
37955,Accessories,F,Socks,NA,beige,1,7.99,11/01/2019 15:46,"Kerkstraat 72, 1004AJ Amsterdam"
37956,Shoes,F,Calf Boots,40,brown,1,149.99,23/01/2019 07:31,"Parallelweg 40, 1088LZ Zoetermeer"
37957,Shoes,F,Calf Boots,40,black,1,149.99,06/01/2019 18:30,"Molenweg 26, 1035TZ Dordrecht"
37957,Bags,F,Clutch,NA,black,1,39.99,06/01/2019 18:30,"Molenweg 26, 1035TZ Dordrecht"
37958,Shoes,M,Sneakers,42,black,1,99.99,02/01/2019 12:55,"Prins Bernhardstraat 88, 1044HQ Deventer"
37959,Shoes,M,Combat,41,black,1,119.99,01/01/2019 20:17,"Kloosterstraat 8, 1056KN Alkmaar"
37960,Shoes,F,Pumps,36,brown,1,89.99,05/01/2019 11:58,"Wilhelminastraat 79, 1019DD Groningen"
37960,Accessories,NA,Shoe care,NA,NA,1,8.99,05/01/2019 11:58,"Wilhelminastraat 79, 1019DD Groningen"
37961,Bags,M,Backpack,NA,grey,1,59.99,28/01/2019 09:13,"Margrietstraat 78, 1056OG Dordrecht"
37962,Shoes,F,Sneakers,42,white,1,99.99,11/01/2019 17:56,"Irenestraat 4, 1076CH 's-Hertogenbosch"
37962,Shoes,F,Calf Boots,42,black,1,149.99,11/01/2019 17:56,"Irenestraat 4, 1076CH 's-Hertogenbosch"
37963,Shoes,F,Pumps,40,grey,1,89.99,18/01/2019 10:48,"Sportlaan 52, 1049FT Leeuwarden"
37963,Shoes,F,Pumps,41,grey,1,89.99,18/01/2019 10:48,"Sportlaan 52, 1049FT Leeuwarden"
37964,Shoes,M,Sneakers,38,beige,1,99.99,01/01/2019 17:40,"Stationsplein 43, 1096FJ Tilburg"
37965,Shoes,F,Calf Boots,37,multicolor,1,149.99,04/01/2019 12:24,"Eikenlaan 44, 1024XK Rotterdam"
37965,Shoes,F,Calf Boots,38,multicolor,1,149.99,04/01/2019 12:24,"Eikenlaan 44, 1024XK Rotterdam"
37966,Shoes,F,Pumps,35,beige,1,89.99,13/01/2019 17:04,"Sportlaan 98, 1056EQ Den Haag"
37967,Accessories,M,Socks,NA,beige,1,7.99,24/01/2019 12:26,"Schoolstraat 1, 1048BR Den Haag"
37968,Bags,M,Shoulderbag,NA,brown,1,79.99,02/01/2019 22:51,"Emmastraat 35, 1071RY Enschede"
37969,Accessories,M,Scarf,NA,brown,1,24.99,03/01/2019 12:20,"Oranjestraat 67, 1088TI Leeuwarden"
37970,Shoes,M,Combat,37,brown,1,119.99,28/01/2019 19:29,"Raadhuisplein 91, 1057PL Amsterdam"
37971,Shoes,F,Sneakers,39,beige,1,99.99,08/01/2019 19:10,"Hoofdstraat 21, 1058NX Utrecht"
37972,Shoes,F,Sneakers,38,multicolor,1,99.99,27/01/2019 12:31,"Kerkweg 38, 1094LW Nijmegen"
37972,Shoes,F,Sneakers,39,multicolor,1,99.99,27/01/2019 12:31,"Kerkweg 38, 1094LW Nijmegen"
37973,Shoes,M,Boots,41,black,1,119.99,24/01/2019 12:21,"Meidoornstraat 13, 1037FW Zoetermeer"
37974,Shoes,F,Ankle Boots,36,black,1,119.99,31/01/2019 20:08,"Rozenstraat 46, 1073JM 's-Hertogenbosch"
37975,Accessories,M,Scarf,NA,black,1,24.99,29/01/2019 09:18,"Dahliastraat 58, 1025TB Leiden"
37976,Bags,M,Backpack,NA,white,1,59.99,06/01/2019 13:45,"Julianalaan 70, 1077JY Den Haag"
37977,Shoes,M,Boots,40,multicolor,1,119.99,02/01/2019 14:24,"Prins Hendrikstraat 81, 1076LI Delft"
37978,Shoes,F,Calf Boots,38,black,1,149.99,20/01/2019 15:57,"Middenweg 98, 1040JI Haarlem"
37979,Accessories,NA,Shoe care,NA,NA,1,8.99,30/01/2019 11:41,"Meidoornlaan 19, 1012IT Breda"
37980,Shoes,F,Sneakers,39,white,1,99.99,11/01/2019 19:50,"Industrieweg 53, 1080ZP Groningen"
37980,Bags,F,Shoulderbag,NA,black,1,79.99,11/01/2019 19:50,"Industrieweg 53, 1080ZP Groningen"
37981,Shoes,M,Boots,39,black,1,119.99,23/01/2019 20:56,"Groeneweg 83, 1026FQ Enschede"
37982,Shoes,F,Sneakers,38,blue,1,99.99,21/01/2019 11:02,"Esdoornstraat 65, 1033LJ Nijmegen"
37982,Shoes,F,Ankle Boots,38,brown,1,119.99,21/01/2019 11:02,"Esdoornstraat 65, 1033LJ Nijmegen"
37983,Shoes,F,Ballerinas,39,brown,1,79.95,19/01/2019 13:23,"Kruisstraat 39, 1014IT Nijmegen"
37984,Shoes,F,Ankle Boots,36,grey,1,119.99,24/01/2019 07:32,"Prins Beatrixstraat 4, 1016MK Haarlem"
37985,Shoes,F,Calf Boots,39,brown,1,149.99,31/01/2019 21:27,"Kerkweg 22, 1008IB Amsterdam"
37986,Accessories,M,Scarf,NA,grey,1,24.99,14/01/2019 20:18,"Dahliastraat 85, 1069QG Leeuwarden"
37987,Shoes,F,Calf Boots,40,green,1,149.99,13/01/2019 09:32,"Margrietstraat 34, 1088ET Emmen"
37988,Accessories,NA,Shoe care,NA,NA,1,8.99,13/01/2019 13:51,"Stationsweg 9, 1001SF Zoetermeer"
37989,Shoes,F,Ankle Boots,37,gold,1,119.99,21/01/2019 10:12,"Kerkweg 92, 1038LM Den Haag"
37989,Shoes,F,Ankle Boots,36,gold,1,119.99,21/01/2019 10:12,"Kerkweg 92, 1038LM Den Haag"
37990,Shoes,F,Pumps,42,grey,1,89.99,19/01/2019 23:01,"Molenweg 42, 1091HC Nijmegen"
37991,Shoes,M,Combat,36,white,1,119.99,14/01/2019 01:59,"Industrieweg 58, 1023OV Amsterdam"
37992,Accessories,M,Scarf,NA,brown,1,24.99,08/01/2019 12:26,"Irenestraat 36, 1074KT Leeuwarden"
37993,Shoes,F,Pumps,38,gold,1,89.99,06/01/2019 15:59,"Stationsstraat 77, 1053OW Amsterdam"
37994,Shoes,M,Boots,36,grey,1,119.99,11/01/2019 20:00,"Nieuweweg 96, 1073VR Almere"
37994,Shoes,M,Sneakers,36,brown,1,99.99,11/01/2019 20:00,"Nieuweweg 96, 1073VR Almere"
37995,Shoes,F,Calf Boots,39,grey,1,149.99,29/01/2019 19:54,"Hoofdstraat 11, 1067QI Tilburg"
37996,Accessories,F,Socks,NA,grey,1,7.99,21/01/2019 08:39,"Berkenlaan 4, 1056WW Nijmegen"
37997,Bags,M,Backpack,NA,brown,1,59.99,22/01/2019 19:08,"Margrietstraat 48, 1025VT Tilburg"
37998,Shoes,F,Calf Boots,36,grey,1,149.99,19/01/2019 17:14,"Nieuwstraat 85, 1027LD Emmen"
37998,Shoes,F,Ankle Boots,36,multicolor,1,119.99,19/01/2019 17:14,"Nieuwstraat 85, 1027LD Emmen"
37999,Accessories,F,Scarf,NA,multicolor,2,24.99,05/01/2019 19:50,"Torenstraat 36, 1032LL 's-Hertogenbosch"
38000,Shoes,F,Ankle Boots,42,white,1,119.99,01/01/2019 18:25,"Molenweg 31, 1053BS Almere"
38001,Accessories,M,Gloves,NA,brown,1,14.99,17/01/2019 09:54,"Middenweg 32, 1050DR Amsterdam"
38002,Accessories,M,Gloves,NA,multicolor,1,14.99,28/01/2019 08:12,"Stationsweg 2, 1038EQ Zwolle"
38003,Shoes,M,Combat,37,brown,1,119.99,08/01/2019 22:04,"Lindenlaan 87, 1059XN Amsterdam"
38004,Shoes,M,Combat,37,black,1,119.99,21/01/2019 18:26,"Esdoornstraat 10, 1045KE Zwolle"
38005,Shoes,F,Calf Boots,35,pink,1,149.99,08/01/2019 08:05,"Kerklaan 82, 1077RR Amsterdam"
38005,Shoes,F,Calf Boots,36,pink,1,149.99,08/01/2019 08:05,"Kerklaan 82, 1077RR Amsterdam"
38006,Accessories,F,Scarf,NA,black,1,24.99,02/01/2019 02:12,"Molenweg 52, 1000ND Eindhoven"
38007,Shoes,M,Combat,41,brown,1,119.99,12/01/2019 20:16,"Kerklaan 83, 1003TP Amsterdam"
38008,Bags,M,Backpack,NA,beige,1,59.99,26/01/2019 13:53,"Dahliastraat 15, 1025MY Delft"
38009,Shoes,F,Ankle Boots,37,grey,1,119.99,27/01/2019 16:45,"Nijverheidsweg 37, 1032VD Den Haag"
38010,Bags,F,Laptopbag,NA,black,1,99.99,17/01/2019 23:51,"Stationsplein 57, 1017OY Amsterdam"
38010,Accessories,NA,Shoe care,NA,NA,1,8.99,17/01/2019 23:51,"Stationsplein 57, 1017OY Amsterdam"
38011,Shoes,F,Sneakers,37,grey,1,99.99,01/01/2019 19:24,"Hoogstraat 6, 1078QG Amersfoort"
38012,Shoes,F,Sneakers,41,brown,1,99.99,15/01/2019 21:36,"Wilhelminastraat 85, 1062HI Dordrecht"
38013,Accessories,M,Scarf,NA,red,1,24.99,29/01/2019 19:12,"Kievitstraat 53, 1021WM Breda"
38014,Bags,F,Laptopbag,NA,grey,1,99.99,06/01/2019 14:52,"Dahliastraat 18, 1016XS Amsterdam"
38015,Shoes,F,Calf Boots,41,white,1,149.99,22/01/2019 14:30,"Hogeweg 90, 1084BC Almere"
38015,Shoes,F,Ankle Boots,41,white,1,119.99,22/01/2019 14:30,"Hogeweg 90, 1084BC Almere"
38016,Accessories,F,Belt,NA,multicolor,1,29.99,10/01/2019 14:42,"Stationsstraat 82, 1023LD Rotterdam"
38017,Shoes,F,Calf Boots,38,grey,1,149.99,01/01/2019 12:47,"Esdoornstraat 80, 1072ZO Groningen"
38017,Accessories,NA,Shoe care,NA,NA,2,8.99,01/01/2019 12:47,"Esdoornstraat 80, 1072ZO Groningen"
38018,Shoes,M,Combat,35,multicolor,1,119.99,20/01/2019 07:27,"Spoorstraat 17, 1074XP Amsterdam"
38019,Shoes,M,Combat,39,beige,1,119.99,14/01/2019 18:08,"Wilhelminastraat 17, 1050AH Nijmegen"
38020,Shoes,M,Combat,36,green,1,119.99,27/01/2019 14:01,"Leeuwerikstraat 65, 1042XD Leiden"
38021,Accessories,NA,Shoe care,NA,NA,1,8.99,17/01/2019 15:22,"Parallelweg 85, 1060PI Delft"
38022,Shoes,M,Sneakers,38,black,1,99.99,02/01/2019 11:42,"Raadhuisplein 50, 1029ZE Rotterdam"
38023,Shoes,F,Sneakers,40,grey,1,99.99,07/01/2019 17:49,"Meidoornlaan 71, 1091MW Almere"
38023,Shoes,F,Pumps,40,black,1,89.99,07/01/2019 17:49,"Meidoornlaan 71, 1091MW Almere"
38024,Shoes,F,Ankle Boots,41,black,1,119.99,19/01/2019 22:52,"Rozenstraat 77, 1036AV Rotterdam"
38024,Shoes,F,Pumps,41,black,1,89.99,19/01/2019 22:52,"Rozenstraat 77, 1036AV Rotterdam"
38025,Shoes,M,Boots,39,black,1,119.99,09/01/2019 17:37,"Hogeweg 93, 1035GB Amsterdam"
38026,Shoes,M,Boots,41,green,1,119.99,12/01/2019 23:38,"Beatrixstraat 22, 1099SP Amsterdam"
38026,Shoes,M,Flip Flops,41,multicolor,1,29.99,12/01/2019 23:38,"Beatrixstraat 22, 1099SP Amsterdam"
38027,Accessories,F,Belt,NA,grey,1,29.99,09/01/2019 16:09,"Parallelweg 98, 1092HS Amsterdam"
38028,Accessories,M,Gloves,NA,grey,1,14.99,26/01/2019 08:28,"Tuinstraat 22, 1000OQ Dordrecht"
38029,Shoes,M,Sneakers,40,black,1,99.99,04/01/2019 10:34,"Dahliastraat 23, 1000HL Alkmaar"
38029,Accessories,M,Gloves,NA,black,1,14.99,04/01/2019 10:34,"Dahliastraat 23, 1000HL Alkmaar"
38030,Shoes,F,Ankle Boots,41,grey,1,119.99,11/01/2019 13:33,"Juliana-straat 70, 1087JK Eindhoven"
38031,Shoes,M,Boots,40,beige,1,119.99,03/01/2019 15:49,"Wilhelminastraat 47, 1047BT Venlo"
38031,Shoes,M,Combat,40,beige,1,119.99,03/01/2019 15:49,"Wilhelminastraat 47, 1047BT Venlo"
38032,Shoes,F,Ankle Boots,37,grey,1,119.99,15/01/2019 16:11,"Stationsstraat 17, 1007ZY Amsterdam"
38032,Accessories,NA,Shoe care,NA,NA,1,8.99,15/01/2019 16:11,"Stationsstraat 17, 1007ZY Amsterdam"
38033,Accessories,M,Wallet,NA,black,1,19.99,08/01/2019 20:09,"Kastanjelaan 46, 1059JL Eindhoven"
38034,Accessories,M,Gloves,NA,brown,1,14.99,12/01/2019 13:28,"Havenstraat 21, 1053NB Amsterdam"
38035,Accessories,F,Gloves,NA,black,1,14.99,17/01/2019 14:25,"Parallelweg 70, 1038VN Alphen aan den Rijn"
38036,Accessories,F,Gloves,NA,black,1,14.99,20/01/2019 14:01,"Kerklaan 4, 1092ZQ Ede"
38037,Shoes,F,Calf Boots,39,brown,1,149.99,14/01/2019 22:21,"Stationsweg 68, 1079MO Rotterdam"
38038,Shoes,F,Sneakers,39,brown,1,99.99,18/01/2019 19:36,"Meidoornstraat 85, 1003UK Rotterdam"
38038,Shoes,F,Sneakers,38,brown,1,99.99,18/01/2019 19:36,"Meidoornstraat 85, 1003UK Rotterdam"
38039,Shoes,F,Calf Boots,41,brown,1,149.99,16/01/2019 19:53,"Beatrixstraat 38, 1088SM Amsterdam"
38040,Shoes,F,Calf Boots,37,beige,1,149.99,22/01/2019 08:30,"Rijksweg 79, 1066DD Amsterdam"
38040,Shoes,F,Pumps,37,beige,1,89.99,22/01/2019 08:30,"Rijksweg 79, 1066DD Amsterdam"
38041,Shoes,F,Calf Boots,40,beige,1,149.99,28/01/2019 11:36,"Leeuwerikstraat 12, 1098XP Delft"
38042,Shoes,F,Sandals,38,white,1,49.99,03/01/2019 13:09,"Stationsweg 18, 1001OG Enschede"
38042,Bags,F,Backpack,NA,beige,1,59.99,03/01/2019 13:09,"Stationsweg 18, 1001OG Enschede"
38043,Shoes,F,Sneakers,39,grey,1,99.99,06/01/2019 22:21,"Dorpsstraat 95, 1082CB Den Haag"
38043,Accessories,F,Belt,NA,multicolor,1,29.99,06/01/2019 22:21,"Dorpsstraat 95, 1082CB Den Haag"
38044,Shoes,F,Calf Boots,39,brown,1,149.99,03/01/2019 21:27,"Stationsweg 92, 1045XG Zaandam"
38045,Shoes,F,Ankle Boots,41,brown,1,119.99,28/01/2019 12:15,"Kruisstraat 45, 1054DK Utrecht"
38045,Bags,F,Clutch,NA,brown,1,39.99,28/01/2019 12:15,"Kruisstraat 45, 1054DK Utrecht"
38046,Shoes,F,Sneakers,36,black,1,99.99,15/01/2019 17:45,"Juliana-straat 69, 1092CL 's-Hertogenbosch"
38047,Accessories,NA,Shoe care,NA,NA,1,8.99,21/01/2019 03:52,"Oranjestraat 39, 1088UW Groningen"
38048,Shoes,M,Boots,35,beige,1,119.99,30/01/2019 15:25,"Irenestraat 44, 1015NU Rotterdam"
38049,Shoes,M,Combat,37,black,1,119.99,23/01/2019 13:23,"Parallelweg 88, 1084JY Ede"
38049,Shoes,M,Boots,37,black,1,119.99,23/01/2019 13:23,"Parallelweg 88, 1084JY Ede"
38050,Bags,F,Shopper,NA,beige,1,79.99,20/01/2019 12:55,"Rijksweg 75, 1059VY Alkmaar"
38051,Shoes,M,Boots,39,brown,1,119.99,23/01/2019 16:38,"Raadhuisstraat 69, 1057LQ Leiden"
38051,Shoes,M,Boots,40,brown,1,119.99,23/01/2019 16:38,"Raadhuisstraat 69, 1057LQ Leiden"
38052,Bags,F,Laptopbag,NA,white,1,99.99,30/01/2019 00:29,"Prins Hendrikstraat 61, 1075ER Rotterdam"
38053,Shoes,M,Sneakers,38,white,1,99.99,04/01/2019 15:09,"Industrieweg 97, 1033LM Zoetermeer"
38054,Accessories,F,Scarf,NA,grey,1,24.99,23/01/2019 15:36,"Sportlaan 42, 1000LG Breda"
38055,Shoes,M,Combat,38,brown,1,119.99,12/01/2019 17:02,"Stationsweg 81, 1033IQ Amsterdam"
38055,Shoes,M,Combat,38,brown,1,119.99,12/01/2019 17:02,"Stationsweg 81, 1033IQ Amsterdam"
38056,Shoes,F,Pumps,38,brown,1,89.99,25/01/2019 22:26,"Beatrixstraat 50, 1005UA Amsterdam"
38057,Accessories,F,Gloves,NA,brown,1,14.99,06/01/2019 18:01,"Margrietstraat 55, 1024TH Leiden"
38058,Shoes,F,Ankle Boots,41,brown,1,119.99,13/01/2019 14:02,"Dorpsstraat 47, 1083MD Rotterdam"
38058,Shoes,F,Sandals,41,red,1,49.99,13/01/2019 14:02,"Dorpsstraat 47, 1083MD Rotterdam"
38059,Shoes,F,Ankle Boots,38,beige,1,119.99,13/01/2019 10:26,"Margrietstraat 8, 1064CB Breda"
38060,Shoes,M,Boots,39,black,1,119.99,15/01/2019 22:30,"Kerkpad 90, 1005FG Dordrecht"
38061,Accessories,F,Socks,NA,black,1,7.99,22/01/2019 10:31,"Kerkplein 29, 1042BC Alphen aan den Rijn"
38062,Shoes,F,Sneakers,41,grey,1,99.99,11/01/2019 16:13,"Groeneweg 36, 1091VS Den Haag"
38062,Accessories,F,Scarf,NA,brown,1,24.99,11/01/2019 16:13,"Groeneweg 36, 1091VS Den Haag"
38063,Shoes,F,Sneakers,37,grey,1,99.99,21/01/2019 09:55,"Dorpsstraat 90, 1007JJ Den Haag"
38064,Shoes,M,Sandals,38,beige,1,49.99,17/01/2019 10:50,"Margrietstraat 69, 1071CZ Utrecht"
38064,Bags,M,Backpack,NA,beige,1,59.99,17/01/2019 10:50,"Margrietstraat 69, 1071CZ Utrecht"
38065,Shoes,M,Boots,40,black,1,119.99,20/01/2019 21:45,"Kloosterstraat 84, 1099YC Haarlem"
38066,Bags,F,Handbag,NA,black,1,99.99,19/01/2019 12:53,"Raadhuisstraat 62, 1000ED Zaandam"
38067,Shoes,F,Sneakers,39,multicolor,1,99.99,19/01/2019 14:43,"Stationsstraat 30, 1011UQ Venlo"
38068,Shoes,F,Calf Boots,38,multicolor,1,149.99,12/01/2019 06:48,"Nieuweweg 48, 1097JJ Amsterdam"
38069,Accessories,F,Sunglasses,NA,multicolor,1,39.99,21/01/2019 10:12,"Raadhuisstraat 27, 1010TV Alphen aan den Rijn"
38070,Bags,M,Backpack,NA,brown,1,59.99,03/01/2019 16:17,"Dorpsstraat 74, 1039KW Amsterdam"
38071,Shoes,F,Calf Boots,36,brown,1,149.99,08/01/2019 09:03,"Leliestraat 1, 1066UP Rotterdam"
38071,Shoes,F,Ballerinas,36,white,1,79.95,08/01/2019 09:03,"Leliestraat 1, 1066UP Rotterdam"
38072,Accessories,F,Scarf,NA,black,1,24.99,21/01/2019 17:59,"Irenestraat 3, 1007AD Apeldoorn"
38073,Shoes,M,Combat,40,beige,1,119.99,07/01/2019 12:41,"Stationsweg 64, 1021MF Alphen aan den Rijn"
38073,Shoes,M,Boots,40,grey,1,119.99,07/01/2019 12:41,"Stationsweg 64, 1021MF Alphen aan den Rijn"
38074,Shoes,F,Pumps,42,red,1,89.99,16/01/2019 17:51,"Kerkplein 91, 1036AZ Rotterdam"
38074,Bags,F,Shopper,NA,red,1,79.99,16/01/2019 17:51,"Kerkplein 91, 1036AZ Rotterdam"
38075,Accessories,F,Wallet,NA,multicolor,1,19.99,10/01/2019 14:02,"Bosweg 43, 1067NS Utrecht"
38076,Shoes,F,Ankle Boots,36,brown,1,119.99,06/01/2019 15:11,"Leeuwerikstraat 75, 1025DS Groningen"
38077,Shoes,F,Pumps,40,black,1,89.99,24/01/2019 18:17,"Rozenstraat 15, 1070FO Apeldoorn"
38078,Shoes,F,Pumps,38,grey,1,89.99,06/01/2019 17:54,"Julianalaan 63, 1036BS Utrecht"
38079,Shoes,F,Wedges,41,brown,1,69.95,30/01/2019 05:37,"Emmastraat 60, 1081IR Amsterdam"
38079,Shoes,F,Ankle Boots,41,grey,1,119.99,30/01/2019 05:37,"Emmastraat 60, 1081IR Amsterdam"
38080,Shoes,F,Pumps,42,multicolor,1,89.99,19/01/2019 20:13,"Oranjestraat 78, 1075IE Utrecht"
38080,Bags,F,Shopper,NA,multicolor,1,79.99,19/01/2019 20:13,"Oranjestraat 78, 1075IE Utrecht"
38081,Shoes,M,Combat,40,grey,1,119.99,01/01/2019 20:21,"Nieuwstraat 87, 1044YI Amsterdam"
38081,Shoes,M,Boots,40,beige,1,119.99,01/01/2019 20:21,"Nieuwstraat 87, 1044YI Amsterdam"
38082,Accessories,M,Gloves,NA,brown,1,14.99,02/01/2019 20:58,"Kruisstraat 90, 1075OL Almere"
38083,Shoes,F,Pumps,41,black,1,89.99,23/01/2019 08:53,"Groeneweg 82, 1084QK Delft"
38084,Shoes,M,Combat,37,black,1,119.99,15/01/2019 19:51,"Hogeweg 82, 1075GP Utrecht"
38085,Shoes,F,Sneakers,35,gold,1,99.99,21/01/2019 15:07,"Stationsstraat 19, 1081YY Rotterdam"
38085,Bags,F,Handbag,NA,gold,1,99.99,21/01/2019 15:07,"Stationsstraat 19, 1081YY Rotterdam"
38086,Bags,F,Clutch,NA,black,1,39.99,25/01/2019 16:40,"Kerkweg 98, 1090NK Den Haag"
38087,Shoes,F,Pumps,38,black,1,89.99,31/01/2019 12:20,"Dahliastraat 3, 1000RW Rotterdam"
38087,Bags,F,Handbag,NA,black,1,99.99,31/01/2019 12:20,"Dahliastraat 3, 1000RW Rotterdam"
38088,Shoes,M,Boots,42,beige,1,119.99,25/01/2019 15:26,"Havenstraat 48, 1059KW Almere"
38088,Bags,M,Backpack,NA,beige,1,59.99,25/01/2019 15:26,"Havenstraat 48, 1059KW Almere"
38089,Shoes,F,Ankle Boots,40,multicolor,1,119.99,23/01/2019 23:27,"Torenstraat 37, 1030ZF Maastricht"
38090,Shoes,F,Ankle Boots,39,grey,1,119.99,31/01/2019 19:01,"Tuinstraat 11, 1064LS Nijmegen"
38090,Shoes,F,Calf Boots,39,black,1,149.99,31/01/2019 19:01,"Tuinstraat 11, 1064LS Nijmegen"
38091,Shoes,F,Calf Boots,41,black,1,149.99,02/01/2019 10:07,"Kerkpad 82, 1046MO Breda"
38092,Shoes,F,Sneakers,37,black,1,99.99,20/01/2019 14:17,"Irenestraat 46, 1066ZL Breda"
38093,Shoes,F,Ankle Boots,41,white,1,119.99,01/01/2019 11:56,"Nijverheidsweg 81, 1042DM Amsterdam"
38094,Shoes,F,Ankle Boots,42,gold,1,119.99,09/01/2019 12:30,"Stationsplein 69, 1005NN Den Haag"
38094,Bags,F,Clutch,NA,gold,1,39.99,09/01/2019 12:30,"Stationsplein 69, 1005NN Den Haag"
38095,Accessories,F,Socks,NA,black,1,7.99,10/01/2019 16:30,"Nijverheidsweg 60, 1059NZ Alphen aan den Rijn"
38096,Shoes,F,Flip Flops,38,white,1,29.99,08/01/2019 10:26,"Meidoornlaan 9, 1077FA Rotterdam"
38096,Shoes,F,Pumps,38,black,1,89.99,08/01/2019 10:26,"Meidoornlaan 9, 1077FA Rotterdam"
38097,Shoes,M,Boots,40,black,1,119.99,21/01/2019 09:28,"Emmastraat 79, 1041YM Utrecht"
38097,Accessories,M,Socks,NA,brown,1,7.99,21/01/2019 09:28,"Emmastraat 79, 1041YM Utrecht"
38098,Shoes,M,Sneakers,40,black,1,99.99,16/01/2019 11:18,"Tuinstraat 73, 1070AQ Arnhem"
38098,Shoes,M,Sneakers,39,black,1,99.99,16/01/2019 11:18,"Tuinstraat 73, 1070AQ Arnhem"
38099,Shoes,F,Ballerinas,42,beige,1,79.95,21/01/2019 11:35,"Wilhelminastraat 90, 1003TZ Zwolle"
38099,Bags,F,Shopper,NA,grey,1,79.99,21/01/2019 11:35,"Wilhelminastraat 90, 1003TZ Zwolle"
38100,Shoes,M,Sneakers,42,red,1,99.99,26/01/2019 02:07,"Nijverheidsweg 59, 1063ZF Arnhem"
38101,Shoes,M,Boots,40,white,1,119.99,08/01/2019 18:25,"Kerklaan 54, 1080OX Venlo"
38101,Shoes,M,Boots,39,white,1,119.99,08/01/2019 18:25,"Kerklaan 54, 1080OX Venlo"
38102,Shoes,F,Pumps,37,pink,1,89.99,15/01/2019 11:46,"Juliana-straat 43, 1086RY 's-Hertogenbosch"
38102,Bags,F,Clutch,NA,pink,1,39.99,15/01/2019 11:46,"Juliana-straat 43, 1086RY 's-Hertogenbosch"
38103,Shoes,F,Calf Boots,35,black,1,149.99,22/01/2019 09:35,"Irenestraat 58, 1006HU Amersfoort"
38104,Shoes,F,Ankle Boots,35,brown,1,119.99,12/01/2019 17:45,"Spoorstraat 88, 1013ZE Rotterdam"
38105,Bags,M,Laptopbag,NA,brown,1,99.99,22/01/2019 14:42,"Nieuweweg 73, 1059JI Zaandam"
38105,Accessories,M,Wallet,NA,brown,1,19.99,22/01/2019 14:42,"Nieuweweg 73, 1059JI Zaandam"
38106,Shoes,F,Sandals,37,brown,1,49.99,20/01/2019 07:49,"Kievitstraat 7, 1035NT Rotterdam"
38107,Shoes,F,Sneakers,40,beige,1,99.99,15/01/2019 14:33,"Esdoornstraat 58, 1012KU Groningen"
38108,Shoes,F,Ankle Boots,42,brown,1,119.99,11/01/2019 22:43,"Kerklaan 17, 1034RL Utrecht"
38109,Accessories,F,Gloves,NA,black,1,14.99,20/01/2019 12:44,"Emmastraat 49, 1015NR Amersfoort"
38110,Shoes,M,Boat shoes,35,blue,1,59.99,12/01/2019 21:41,"Rozenstraat 9, 1007IK Amsterdam"
38110,Shoes,M,Boots,35,beige,1,119.99,12/01/2019 21:41,"Rozenstraat 9, 1007IK Amsterdam"
38111,Shoes,F,Calf Boots,41,red,1,149.99,02/01/2019 09:04,"Prins Hendrikstraat 34, 1017XC Haarlem"
38112,Shoes,F,Sneakers,35,grey,1,99.99,29/01/2019 18:04,"Tuinstraat 94, 1075MN Utrecht"
38113,Shoes,F,Calf Boots,39,multicolor,1,149.99,02/01/2019 21:26,"Nieuwstraat 7, 1084HD Amsterdam"
38113,Shoes,F,Ankle Boots,39,grey,1,119.99,02/01/2019 21:26,"Nieuwstraat 7, 1084HD Amsterdam"
38114,Shoes,F,Ankle Boots,35,beige,1,119.99,10/01/2019 11:00,"Kievitstraat 58, 1052VO Den Haag"
38115,Shoes,F,Ankle Boots,38,white,1,119.99,21/01/2019 12:47,"Prins Bernhardstraat 1, 1076DM Maastricht"
38115,Shoes,F,Ballerinas,38,silver,1,79.95,21/01/2019 12:47,"Prins Bernhardstraat 1, 1076DM Maastricht"
38116,Bags,F,Shoulderbag,NA,black,1,79.99,01/01/2019 10:23,"Hogeweg 5, 1077YG Eindhoven"
38117,Shoes,M,Boots,42,beige,1,119.99,16/01/2019 18:58,"Kerkweg 59, 1076QU Almere"
38118,Bags,F,Shoulderbag,NA,brown,1,79.99,12/01/2019 12:36,"Tuinstraat 1, 1018HR Amsterdam"
38119,Shoes,F,Calf Boots,38,grey,1,149.99,11/01/2019 09:51,"Dahliastraat 7, 1022NQ Almere"
38119,Shoes,F,Calf Boots,39,grey,1,149.99,11/01/2019 09:51,"Dahliastraat 7, 1022NQ Almere"
38120,Accessories,F,Wallet,NA,white,1,19.99,15/01/2019 11:18,"Torenstraat 31, 1043EA Nijmegen"
38121,Shoes,F,Calf Boots,36,black,1,149.99,23/01/2019 09:56,"Bosweg 85, 1041MQ Groningen"
38122,Bags,M,Laptopbag,NA,grey,1,99.99,29/01/2019 16:34,"Parallelweg 73, 1018VW Zwolle"
38123,Shoes,F,Sneakers,41,black,1,99.99,31/01/2019 19:07,"Kerkstraat 15, 1032FC Rotterdam"
38123,Bags,F,Shoulderbag,NA,black,1,79.99,31/01/2019 19:07,"Kerkstraat 15, 1032FC Rotterdam"
38124,Shoes,F,Pumps,42,beige,1,89.99,11/01/2019 12:47,"Kerkplein 56, 1083WX Rotterdam"
38125,Shoes,M,Boots,40,grey,1,119.99,09/01/2019 20:34,"Dahliastraat 68, 1071JD Apeldoorn"
38125,Accessories,M,Socks,NA,white,1,7.99,09/01/2019 20:34,"Dahliastraat 68, 1071JD Apeldoorn"
38126,Shoes,F,Pumps,40,brown,1,89.99,05/01/2019 11:08,"Stationsstraat 21, 1013YP Amsterdam"
38126,Bags,F,Clutch,NA,brown,1,39.99,05/01/2019 11:08,"Stationsstraat 21, 1013YP Amsterdam"
38127,Shoes,M,Flip Flops,40,beige,1,29.99,25/01/2019 18:59,"Hoogstraat 79, 1096UT Rotterdam"
38128,Shoes,M,Combat,41,beige,1,119.99,31/01/2019 14:20,"Julianalaan 22, 1081UW Den Haag"
38129,Shoes,F,Calf Boots,39,brown,1,149.99,08/01/2019 07:33,"Dorpsstraat 65, 1071CD Alphen aan den Rijn"
38130,Shoes,F,Calf Boots,41,grey,1,149.99,27/01/2019 05:43,"Molenstraat 27, 1056DU Zwolle"
38130,Bags,F,Shoulderbag,NA,grey,1,79.99,27/01/2019 05:43,"Molenstraat 27, 1056DU Zwolle"
38131,Shoes,M,Boots,40,grey,1,119.99,11/01/2019 23:23,"Emmastraat 47, 1098ZN Apeldoorn"
38131,Shoes,M,Boots,40,blue,1,119.99,11/01/2019 23:23,"Emmastraat 47, 1098ZN Apeldoorn"
38132,Bags,F,Laptopbag,NA,white,1,99.99,04/01/2019 11:11,"Molenstraat 45, 1045YS Den Haag"
38133,Accessories,F,Gloves,NA,gold,1,14.99,08/01/2019 09:21,"Stationsstraat 64, 1064TI Zaandam"
38134,Shoes,F,Pumps,35,beige,1,89.99,01/02/2019 02:08,"Middenweg 84, 1032XM Amsterdam"
38134,Accessories,NA,Shoe care,NA,NA,1,8.99,01/02/2019 02:08,"Middenweg 84, 1032XM Amsterdam"
38135,Bags,F,Laptopbag,NA,beige,1,99.99,05/01/2019 17:12,"Kruisstraat 34, 1093RV Haarlem"
38135,Accessories,F,Scarf,NA,white,1,24.99,05/01/2019 17:12,"Kruisstraat 34, 1093RV Haarlem"
38136,Shoes,M,Combat,38,beige,1,119.99,05/01/2019 14:15,"Markt 11, 1028DS Rotterdam"
38137,Shoes,F,Wedges,41,white,1,69.95,06/01/2019 17:49,"Kerkweg 90, 1037LA Dordrecht"
38138,Shoes,F,Pumps,39,beige,1,89.99,02/01/2019 20:50,"Berkenlaan 22, 1046VZ Amersfoort"
38139,Shoes,F,Calf Boots,41,grey,1,149.99,14/01/2019 18:14,"Stationsplein 18, 1060KY Apeldoorn"
38140,Shoes,F,Ankle Boots,40,multicolor,1,119.99,18/01/2019 19:02,"Stationsplein 19, 1000LJ Rotterdam"
38141,Shoes,F,Sneakers,42,gold,1,99.99,20/01/2019 01:19,"Tuinstraat 3, 1039MZ Utrecht"
38142,Bags,M,Shoulderbag,NA,beige,1,79.99,27/01/2019 13:38,"Stationsstraat 94, 1088LQ Rotterdam"
38143,Accessories,F,Scarf,NA,brown,1,24.99,06/01/2019 13:23,"Nijverheidsweg 75, 1094VE Amsterdam"
38144,Shoes,M,Boots,36,multicolor,1,119.99,02/01/2019 12:35,"Dorpsstraat 98, 1024WQ Alphen aan den Rijn"
38144,Shoes,M,Combat,36,beige,1,119.99,02/01/2019 12:35,"Dorpsstraat 98, 1024WQ Alphen aan den Rijn"
38145,Shoes,F,Ankle Boots,38,grey,1,119.99,08/01/2019 17:58,"Tuinstraat 38, 1093YH Apeldoorn"
38145,Shoes,F,Ankle Boots,39,grey,1,119.99,08/01/2019 17:58,"Tuinstraat 38, 1093YH Apeldoorn"
38146,Shoes,M,Combat,42,grey,1,119.99,28/01/2019 13:16,"Molenstraat 84, 1011YW Groningen"
38146,Shoes,M,Combat,42,black,1,119.99,28/01/2019 13:16,"Molenstraat 84, 1011YW Groningen"
38147,Shoes,F,Ankle Boots,37,black,1,119.99,13/01/2019 09:55,"Meidoornlaan 61, 1002QS Den Haag"
38147,Shoes,F,Ankle Boots,38,black,1,119.99,13/01/2019 09:55,"Meidoornlaan 61, 1002QS Den Haag"
38148,Accessories,F,Scarf,NA,white,1,24.99,01/01/2019 13:00,"Dorpsstraat 65, 1071XU Alphen aan den Rijn"
38149,Bags,F,Clutch,NA,beige,1,39.99,29/01/2019 11:14,"Emmastraat 25, 1001WT Amsterdam"
38150,Shoes,F,Ballerinas,37,black,1,79.95,17/01/2019 19:04,"Emmastraat 65, 1086OT Emmen"
38150,Bags,F,Clutch,NA,black,1,39.99,17/01/2019 19:04,"Emmastraat 65, 1086OT Emmen"
38151,Shoes,M,Sneakers,37,brown,1,99.99,14/01/2019 18:32,"Rijksweg 22, 1026AN Tilburg"
38151,Shoes,M,Sandals,37,multicolor,1,49.99,14/01/2019 18:32,"Rijksweg 22, 1026AN Tilburg"
38152,Shoes,M,Boat shoes,38,black,1,59.99,17/01/2019 21:19,"Torenstraat 80, 1016MA Rotterdam"
38153,Shoes,F,Ankle Boots,41,black,1,119.99,05/01/2019 12:12,"Eikenlaan 54, 1097ZT Amsterdam"
38154,Bags,M,Shoulderbag,NA,multicolor,1,79.99,21/01/2019 21:02,"Dorpsstraat 30, 1009BT Tilburg"
38155,Shoes,M,Sneakers,40,multicolor,1,99.99,04/01/2019 22:44,"Markt 19, 1050XA Nijmegen"
38155,Shoes,M,Boots,40,green,1,119.99,04/01/2019 22:44,"Markt 19, 1050XA Nijmegen"
38156,Shoes,F,Ankle Boots,39,black,1,119.99,20/01/2019 12:34,"Stationsweg 55, 1009RW Rotterdam"
38156,Bags,F,Backpack,NA,black,1,59.99,20/01/2019 12:34,"Stationsweg 55, 1009RW Rotterdam"
38157,Accessories,F,Scarf,NA,brown,1,24.99,16/01/2019 19:01,"Torenstraat 1, 1099FJ Groningen"
38158,Bags,F,Laptopbag,NA,grey,1,99.99,03/01/2019 20:03,"Meidoornlaan 28, 1084VB Arnhem"
38159,Shoes,F,Wedges,39,black,1,69.95,29/01/2019 16:18,"Oranjestraat 14, 1004DV Emmen"
38159,Shoes,F,Pumps,39,grey,1,89.99,29/01/2019 16:18,"Oranjestraat 14, 1004DV Emmen"
38160,Shoes,F,Sneakers,36,grey,1,99.99,15/01/2019 20:26,"Dorpsstraat 77, 1087SU Rotterdam"
38160,Bags,F,Shoulderbag,NA,grey,1,79.99,15/01/2019 20:26,"Dorpsstraat 77, 1087SU Rotterdam"
38161,Shoes,M,Boots,38,brown,1,119.99,19/01/2019 21:36,"Molenstraat 6, 1048TW Enschede"
38162,Accessories,F,Scarf,NA,black,1,24.99,10/01/2019 21:35,"Wilhelminastraat 3, 1032QE Rotterdam"
38163,Shoes,M,Boots,37,black,1,119.99,08/01/2019 00:35,"Prins Hendrikstraat 44, 1097KY Dordrecht"
38164,Bags,M,Shoulderbag,NA,green,1,79.99,06/01/2019 16:36,"Prins Hendrikstraat 34, 1035HZ Zaandam"
38165,Bags,F,Laptopbag,NA,beige,1,99.99,11/01/2019 20:23,"Leeuwerikstraat 76, 1061NV Den Haag"
38166,Accessories,M,Gloves,NA,beige,1,14.99,19/01/2019 20:16,"Molenstraat 64, 1050KF Ede"
38167,Bags,F,Shoulderbag,NA,black,1,79.99,28/01/2019 18:25,"Kerkweg 88, 1079SS Den Haag"
38168,Accessories,F,Socks,NA,beige,1,7.99,13/01/2019 00:26,"Markt 85, 1026XN Almere"
38169,Shoes,F,Calf Boots,36,brown,1,149.99,17/01/2019 20:34,"Emmastraat 94, 1057RI Groningen"
38169,Shoes,F,Calf Boots,36,grey,1,149.99,17/01/2019 20:34,"Emmastraat 94, 1057RI Groningen"
38170,Accessories,M,Scarf,NA,green,1,24.99,07/01/2019 16:20,"Bosweg 26, 1087ER Tilburg"
38171,Shoes,M,Combat,35,black,1,119.99,19/01/2019 14:53,"Wilhelminastraat 31, 1027AQ Deventer"
38172,Bags,F,Backpack,NA,white,1,59.99,07/01/2019 15:07,"Raadhuisstraat 90, 1025VK Amsterdam"
38172,Accessories,F,Belt,NA,grey,1,29.99,07/01/2019 15:07,"Raadhuisstraat 90, 1025VK Amsterdam"
38173,Shoes,F,Pumps,38,black,1,89.99,17/01/2019 11:36,"Kerkpad 18, 1033CI Utrecht"
38173,Shoes,F,Ankle Boots,38,black,1,119.99,17/01/2019 11:36,"Kerkpad 18, 1033CI Utrecht"
38174,Bags,F,Backpack,NA,brown,1,59.99,19/01/2019 21:56,"Oranjestraat 50, 1094XB 's-Hertogenbosch"
38175,Shoes,F,Pumps,36,black,1,89.99,10/01/2019 09:41,"Dorpsstraat 72, 1015US Groningen"
38176,Shoes,F,Wedges,36,pink,1,69.95,30/01/2019 20:04,"Esdoornstraat 45, 1007QQ Delft"
38176,Shoes,F,Wedges,37,pink,1,69.95,30/01/2019 20:04,"Esdoornstraat 45, 1007QQ Delft"
38177,Shoes,F,Pumps,36,white,1,89.99,17/01/2019 16:50,"Kievitstraat 26, 1087DQ Ede"
38178,Shoes,F,Sneakers,41,beige,1,99.99,02/01/2019 15:53,"Molenstraat 10, 1031DL Groningen"
38178,Shoes,F,Calf Boots,41,brown,1,149.99,02/01/2019 15:53,"Molenstraat 10, 1031DL Groningen"
38179,Bags,F,Shoulderbag,NA,grey,1,79.99,06/01/2019 12:05,"Julianalaan 48, 1012SJ Rotterdam"
38180,Shoes,F,Ankle Boots,38,grey,2,119.99,11/01/2019 13:27,"Rijksweg 86, 1058YM Eindhoven"
38180,Bags,F,Shoulderbag,NA,grey,1,79.99,11/01/2019 13:27,"Rijksweg 86, 1058YM Eindhoven"
38181,Shoes,F,Sneakers,37,beige,1,99.99,19/01/2019 12:15,"Wilhelminastraat 91, 1079TB Arnhem"
38181,Shoes,F,Sandals,37,black,1,49.99,19/01/2019 12:15,"Wilhelminastraat 91, 1079TB Arnhem"
38182,Shoes,F,Ankle Boots,39,green,1,119.99,06/01/2019 12:59,"Irenestraat 84, 1054ZD Rotterdam"
38183,Bags,M,Backpack,NA,beige,2,59.99,30/01/2019 15:08,"Beukenlaan 16, 1082EL Eindhoven"
38184,Shoes,F,Sneakers,37,black,1,99.99,17/01/2019 19:28,"Kerkweg 61, 1016EA Arnhem"
38185,Shoes,M,Sneakers,35,beige,1,99.99,19/01/2019 23:38,"Leeuwerikstraat 73, 1046IB Eindhoven"
38185,Shoes,M,Boots,35,red,1,119.99,19/01/2019 23:38,"Leeuwerikstraat 73, 1046IB Eindhoven"
38186,Shoes,F,Calf Boots,39,beige,1,149.99,02/01/2019 21:55,"Stationsplein 50, 1081IM Amsterdam"
38187,Shoes,F,Ankle Boots,35,brown,1,119.99,13/01/2019 13:36,"Prins Beatrixstraat 96, 1079DV Eindhoven"
38188,Bags,M,Shoulderbag,NA,grey,1,79.99,14/01/2019 19:44,"Hoogstraat 94, 1050HW Zoetermeer"
38189,Bags,M,Backpack,NA,beige,1,59.99,20/01/2019 21:27,"Stationsstraat 56, 1012YO Amsterdam"
38190,Bags,F,Shoulderbag,NA,pink,1,79.99,24/01/2019 21:58,"Juliana-straat 91, 1051TE Breda"
38191,Accessories,M,Scarf,NA,grey,1,24.99,06/01/2019 14:07,"Berkenlaan 52, 1008NR Amsterdam"
38192,Shoes,F,Wedges,42,beige,1,69.95,04/01/2019 20:02,"Emmastraat 81, 1015UQ Almere"
38192,Shoes,F,Wedges,41,beige,1,69.95,04/01/2019 20:02,"Emmastraat 81, 1015UQ Almere"
38193,Shoes,F,Ankle Boots,39,black,1,119.99,16/01/2019 07:22,"Julianalaan 30, 1005MM Den Haag"
38193,Shoes,F,Sneakers,39,blue,1,99.99,16/01/2019 07:22,"Julianalaan 30, 1005MM Den Haag"
38194,Shoes,M,Boots,39,black,1,119.99,04/01/2019 14:52,"Rijksweg 88, 1049GB Leeuwarden"
38195,Shoes,F,Pumps,40,brown,1,89.99,15/01/2019 09:28,"Molenweg 36, 1082NV Den Haag"
38196,Shoes,F,Sneakers,41,beige,1,99.99,27/01/2019 13:27,"Emmastraat 91, 1024DW Rotterdam"
38196,Shoes,F,Sneakers,41,multicolor,1,99.99,27/01/2019 13:27,"Emmastraat 91, 1024DW Rotterdam"
38197,Bags,F,Laptopbag,NA,brown,1,99.99,29/01/2019 19:52,"Margrietstraat 93, 1005OD Amsterdam"
38198,Shoes,F,Ankle Boots,38,black,1,119.99,10/01/2019 10:39,"Oranjestraat 38, 1032UT Zaandam"
38198,Accessories,F,Belt,NA,white,1,29.99,10/01/2019 10:39,"Oranjestraat 38, 1032UT Zaandam"
38199,Shoes,F,Calf Boots,38,grey,1,149.99,16/01/2019 10:43,"Wilhelminastraat 29, 1099IL Eindhoven"
38200,Shoes,F,Calf Boots,41,grey,1,149.99,29/01/2019 06:44,"Schoolstraat 69, 1026SD Dordrecht"
38200,Shoes,F,Ankle Boots,41,brown,1,119.99,29/01/2019 06:44,"Schoolstraat 69, 1026SD Dordrecht"
38201,Bags,F,Clutch,NA,black,1,39.99,26/01/2019 16:46,"Industrieweg 30, 1062RV Den Haag"
38202,Shoes,M,Sneakers,39,grey,1,99.99,30/01/2019 14:42,"Julianalaan 71, 1015MZ Den Haag"
38202,Accessories,M,Gloves,NA,black,1,14.99,30/01/2019 14:42,"Julianalaan 71, 1015MZ Den Haag"
38203,Shoes,F,Pumps,37,brown,1,89.99,02/01/2019 14:41,"Markt 51, 1020DA Amsterdam"
38204,Accessories,M,Wallet,NA,black,1,19.99,09/01/2019 07:19,"Beukenlaan 30, 1055ME Nijmegen"
38205,Shoes,M,Combat,38,black,1,119.99,07/01/2019 11:22,"Meidoornstraat 98, 1079SY Rotterdam"
38205,Shoes,M,Combat,37,black,1,119.99,07/01/2019 11:22,"Meidoornstraat 98, 1079SY Rotterdam"
38206,Shoes,F,Ballerinas,40,brown,1,79.95,04/01/2019 12:48,"Raadhuisstraat 67, 1095AC Delft"
38206,Shoes,F,Pumps,40,beige,1,89.99,04/01/2019 12:48,"Raadhuisstraat 67, 1095AC Delft"
38207,Shoes,M,Sneakers,42,grey,1,99.99,31/01/2019 21:50,"Stationsstraat 57, 1079FU Rotterdam"
38207,Shoes,M,Boat shoes,42,beige,1,59.99,31/01/2019 21:50,"Stationsstraat 57, 1079FU Rotterdam"
38208,Bags,F,Shoulderbag,NA,black,1,79.99,26/01/2019 17:23,"Oranjestraat 15, 1048TH Amsterdam"
38209,Shoes,M,Combat,40,black,1,119.99,01/01/2019 20:31,"Schoolstraat 76, 1053PQ Breda"
38210,Shoes,M,Combat,41,brown,1,119.99,06/01/2019 16:06,"Kerkpad 49, 1042UG Zoetermeer"
38210,Bags,M,Shoulderbag,NA,brown,1,79.99,06/01/2019 16:06,"Kerkpad 49, 1042UG Zoetermeer"
38211,Shoes,F,Pumps,37,multicolor,1,89.99,21/01/2019 07:21,"Hogeweg 96, 1085BD Eindhoven"
38211,Shoes,F,Wedges,37,multicolor,1,69.95,21/01/2019 07:21,"Hogeweg 96, 1085BD Eindhoven"
38212,Shoes,F,Ankle Boots,39,brown,1,119.99,17/01/2019 20:13,"Parklaan 26, 1095TD Den Haag"
38213,Shoes,F,Pumps,38,black,1,89.99,28/01/2019 00:15,"Hoofdstraat 95, 1043IL Leeuwarden"
38214,Shoes,F,Sneakers,39,multicolor,1,99.99,29/01/2019 20:03,"Meidoornlaan 39, 1014QG Utrecht"
38214,Shoes,F,Sneakers,40,multicolor,1,99.99,29/01/2019 20:03,"Meidoornlaan 39, 1014QG Utrecht"
38215,Shoes,F,Pumps,38,brown,1,89.99,09/01/2019 11:37,"Kastanjelaan 25, 1060IL Apeldoorn"
38215,Bags,F,Laptopbag,NA,brown,1,99.99,09/01/2019 11:37,"Kastanjelaan 25, 1060IL Apeldoorn"
38216,Shoes,M,Boots,42,black,1,119.99,27/01/2019 12:33,"Julianalaan 47, 1045WW Deventer"
38217,Shoes,F,Flip Flops,38,multicolor,1,29.99,05/01/2019 13:23,"Nieuwstraat 62, 1077QR Rotterdam"
38218,Accessories,F,Scarf,NA,black,1,24.99,09/01/2019 08:22,"Prins Hendrikstraat 24, 1050VU Deventer"
38219,Accessories,M,Gloves,NA,brown,1,14.99,21/01/2019 13:33,"Industrieweg 73, 1032CO Leeuwarden"
38220,Shoes,F,Pumps,40,beige,1,89.99,02/01/2019 16:11,"Kerkplein 91, 1062KY Emmen"
38221,Bags,M,Laptopbag,NA,beige,1,99.99,06/01/2019 01:24,"Nijverheidsweg 79, 1097VT Tilburg"
38222,Shoes,F,Ankle Boots,35,black,1,119.99,10/01/2019 09:32,"Hoogstraat 60, 1044RM Leeuwarden"
38223,Shoes,F,Wedges,41,grey,1,69.95,12/01/2019 15:23,"Irenestraat 6, 1045OI Rotterdam"
38223,Shoes,F,Calf Boots,41,grey,1,149.99,12/01/2019 15:23,"Irenestraat 6, 1045OI Rotterdam"
38224,Bags,M,Shoulderbag,NA,black,1,79.99,20/01/2019 11:01,"Kievitstraat 10, 1033TW Rotterdam"
38225,Shoes,M,Boots,39,grey,1,119.99,21/01/2019 20:40,"Markt 38, 1029SJ Den Haag"
38226,Shoes,F,Sneakers,40,brown,1,99.99,29/01/2019 13:56,"Hoogstraat 47, 1039PZ Maastricht"
38227,Shoes,M,Combat,40,black,1,119.99,26/01/2019 10:02,"Nieuweweg 14, 1011KY Enschede"
38228,Shoes,F,Pumps,39,beige,1,89.99,08/01/2019 13:04,"Groeneweg 13, 1051MJ Groningen"
38229,Shoes,F,Ankle Boots,38,black,1,119.99,24/01/2019 12:02,"Kerkplein 49, 1093TE Amsterdam"
38229,Accessories,F,Gloves,NA,brown,1,14.99,24/01/2019 12:02,"Kerkplein 49, 1093TE Amsterdam"
38230,Accessories,NA,Shoe care,NA,NA,1,8.99,28/01/2019 08:39,"Meidoornlaan 52, 1072ZS Ede"
38231,Accessories,F,Socks,NA,brown,1,7.99,29/01/2019 11:30,"Kruisstraat 1, 1078MQ Amsterdam"
38232,Accessories,F,Scarf,NA,black,1,24.99,31/01/2019 09:31,"Beatrixstraat 35, 1096VK Utrecht"
38233,Shoes,F,Pumps,39,brown,1,89.99,19/01/2019 18:28,"Nieuwstraat 22, 1081OZ Haarlem"
38233,Bags,F,Handbag,NA,beige,1,99.99,19/01/2019 18:28,"Nieuwstraat 22, 1081OZ Haarlem"
38234,Bags,F,Handbag,NA,grey,1,99.99,25/01/2019 20:26,"Hogeweg 10, 1013WG Ede"
38235,Shoes,M,Combat,40,grey,1,119.99,27/01/2019 08:32,"Dahliastraat 9, 1060EP Amersfoort"
38235,Bags,M,Backpack,NA,grey,1,59.99,27/01/2019 08:32,"Dahliastraat 9, 1060EP Amersfoort"
38236,Accessories,F,Gloves,NA,black,1,14.99,09/01/2019 05:13,"Meidoornstraat 97, 1098CM Amsterdam"
38237,Shoes,M,Combat,37,grey,1,119.99,22/01/2019 14:06,"Molenstraat 20, 1011VF Zaandam"
38238,Shoes,F,Ankle Boots,38,multicolor,1,119.99,28/01/2019 20:52,"Tuinstraat 31, 1085QU Almere"
38238,Bags,F,Backpack,NA,multicolor,1,59.99,28/01/2019 20:52,"Tuinstraat 31, 1085QU Almere"
38239,Accessories,M,Gloves,NA,brown,1,14.99,19/01/2019 11:24,"Hogeweg 57, 1099JH Alkmaar"
38240,Bags,F,Handbag,NA,beige,1,99.99,23/01/2019 15:52,"Torenstraat 3, 1036BV Eindhoven"
38241,Shoes,F,Ankle Boots,38,gold,1,119.99,25/01/2019 13:24,"Prins Hendrikstraat 52, 1028MB Nijmegen"
38241,Shoes,F,Ankle Boots,39,gold,1,119.99,25/01/2019 13:24,"Prins Hendrikstraat 52, 1028MB Nijmegen"
38242,Shoes,F,Sandals,38,white,1,49.99,05/01/2019 17:48,"Margrietstraat 8, 1031HH 's-Hertogenbosch"
38243,Shoes,F,Sneakers,35,multicolor,1,99.99,29/01/2019 10:26,"Spoorstraat 63, 1065EH Nijmegen"
38244,Shoes,M,Boots,39,brown,1,119.99,01/01/2019 11:55,"Nieuweweg 93, 1080AV Leiden"
38245,Shoes,F,Ankle Boots,37,beige,1,119.99,31/01/2019 13:31,"Raadhuisstraat 26, 1088ME Rotterdam"
38245,Bags,F,Clutch,NA,beige,1,39.99,31/01/2019 13:31,"Raadhuisstraat 26, 1088ME Rotterdam"
38246,Bags,F,Backpack,NA,black,1,59.99,17/01/2019 21:37,"Stationsplein 70, 1016RX Rotterdam"
38247,Accessories,F,Scarf,NA,multicolor,1,24.99,15/01/2019 18:22,"Molenweg 57, 1087EN Zwolle"
38248,Shoes,M,Sneakers,36,beige,1,99.99,07/01/2019 19:18,"Dorpsstraat 22, 1028EI Dordrecht"
38248,Shoes,M,Sneakers,36,beige,1,99.99,07/01/2019 19:18,"Dorpsstraat 22, 1028EI Dordrecht"
38249,Shoes,F,Calf Boots,36,beige,1,149.99,15/01/2019 10:56,"Beatrixstraat 2, 1077CG Amersfoort"
38250,Accessories,F,Scarf,NA,black,1,24.99,17/01/2019 20:16,"Kloosterstraat 50, 1006AV 's-Hertogenbosch"
38251,Shoes,F,Ankle Boots,41,grey,1,119.99,18/01/2019 00:36,"Parklaan 77, 1089UL Tilburg"
38251,Shoes,F,Calf Boots,41,beige,1,149.99,18/01/2019 00:36,"Parklaan 77, 1089UL Tilburg"
38252,Shoes,F,Pumps,38,beige,1,89.99,15/01/2019 15:27,"Industrieweg 32, 1085KE Maastricht"
38252,Shoes,F,Calf Boots,38,grey,1,149.99,15/01/2019 15:27,"Industrieweg 32, 1085KE Maastricht"
38253,Shoes,F,Calf Boots,38,black,1,149.99,31/01/2019 19:13,"Rijksweg 12, 1063JP Zaandam"
38254,Shoes,F,Calf Boots,38,black,1,149.99,26/01/2019 14:29,"Molenweg 9, 1057PP Breda"
38255,Shoes,M,Combat,41,grey,1,119.99,05/01/2019 22:37,"Eikenlaan 8, 1025CW Rotterdam"
38256,Shoes,F,Calf Boots,35,multicolor,1,149.99,19/01/2019 11:53,"Sportlaan 13, 1096ST Den Haag"
38256,Bags,F,Backpack,NA,multicolor,1,59.99,19/01/2019 11:53,"Sportlaan 13, 1096ST Den Haag"
38257,Shoes,F,Calf Boots,42,gold,1,149.99,16/01/2019 12:38,"Berkenlaan 62, 1069MM Groningen"
38258,Accessories,M,Socks,NA,grey,1,7.99,14/01/2019 18:18,"Parklaan 68, 1072YH Arnhem"
38259,Accessories,NA,Shoe care,NA,NA,1,8.99,18/01/2019 11:37,"Kastanjelaan 49, 1075UF Emmen"
38260,Accessories,F,Wallet,NA,brown,1,19.99,23/01/2019 23:17,"Julianalaan 13, 1076DY Nijmegen"
38261,Shoes,F,Ankle Boots,37,black,1,119.99,12/01/2019 13:36,"Parallelweg 26, 1003DE Alkmaar"
38261,Shoes,F,Calf Boots,37,silver,1,149.99,12/01/2019 13:36,"Parallelweg 26, 1003DE Alkmaar"
38262,Shoes,M,Combat,40,beige,1,119.99,24/01/2019 23:10,"Raadhuisstraat 65, 1027ET Rotterdam"
38262,Shoes,M,Combat,40,black,1,119.99,24/01/2019 23:10,"Raadhuisstraat 65, 1027ET Rotterdam"
38263,Shoes,F,Pumps,41,beige,1,89.99,26/01/2019 21:32,"Sportlaan 61, 1035VK Den Haag"
38264,Shoes,M,Boat shoes,40,multicolor,1,59.99,06/01/2019 00:14,"Stationsplein 60, 1073DI Amsterdam"
38265,Shoes,F,Calf Boots,37,brown,1,149.99,27/01/2019 09:51,"Rozenstraat 60, 1093FM Zaandam"
38266,Shoes,M,Sneakers,41,multicolor,1,99.99,24/01/2019 18:33,"Nieuwstraat 76, 1079LW Utrecht"
38267,Shoes,F,Pumps,39,multicolor,1,89.99,27/01/2019 14:03,"Raadhuisplein 48, 1036KF Amsterdam"
38267,Bags,F,Handbag,NA,multicolor,1,99.99,27/01/2019 14:03,"Raadhuisplein 48, 1036KF Amsterdam"
38268,Shoes,F,Pumps,39,grey,1,89.99,11/01/2019 15:34,"Kerkpad 79, 1058XC Almere"
38268,Shoes,F,Pumps,40,grey,1,89.99,11/01/2019 15:34,"Kerkpad 79, 1058XC Almere"
38269,Shoes,F,Ankle Boots,37,gold,1,119.99,01/01/2019 13:00,"Dahliastraat 28, 1055UP Zaandam"
38270,Shoes,F,Calf Boots,41,white,1,149.99,20/01/2019 07:20,"Schoolstraat 48, 1073VP Den Haag"
38271,Shoes,F,Calf Boots,40,brown,1,149.99,06/01/2019 16:22,"Julianalaan 91, 1096AP Rotterdam"
38272,Bags,M,Shoulderbag,NA,brown,1,79.99,21/01/2019 13:32,"Parallelweg 98, 1041AC Amsterdam"
38273,Shoes,F,Flip Flops,42,grey,1,29.99,04/01/2019 22:58,"Berkenlaan 47, 1033DP Amsterdam"
38273,Bags,F,Clutch,NA,grey,1,39.99,04/01/2019 22:58,"Berkenlaan 47, 1033DP Amsterdam"
38274,Shoes,M,Combat,39,grey,1,119.99,13/01/2019 16:22,"Leeuwerikstraat 75, 1048XH Nijmegen"
38274,Shoes,M,Sneakers,39,grey,1,99.99,13/01/2019 16:22,"Leeuwerikstraat 75, 1048XH Nijmegen"
38275,Accessories,F,Wallet,NA,brown,1,19.99,08/01/2019 22:16,"Margrietstraat 3, 1073QC Enschede"
38276,Shoes,F,Pumps,40,black,1,89.99,17/01/2019 10:34,"Berkenlaan 37, 1052GE Apeldoorn"
38277,Shoes,M,Combat,40,red,1,119.99,05/01/2019 19:54,"Berkenlaan 72, 1008BC Amsterdam"
38278,Accessories,F,Gloves,NA,black,2,14.99,08/01/2019 16:20,"Hoogstraat 75, 1054OA Rotterdam"
38279,Shoes,F,Ballerinas,37,multicolor,1,79.95,14/01/2019 20:45,"Meidoornlaan 67, 1038WV Zwolle"
38280,Shoes,F,Ankle Boots,37,gold,1,119.99,10/01/2019 11:52,"Molenstraat 12, 1007ON Rotterdam"
38280,Bags,F,Shoulderbag,NA,gold,1,79.99,10/01/2019 11:52,"Molenstraat 12, 1007ON Rotterdam"
38281,Shoes,M,Flip Flops,37,beige,1,29.99,23/01/2019 12:46,"Hoogstraat 64, 1085UH Eindhoven"
38282,Shoes,M,Sneakers,36,multicolor,1,99.99,03/01/2019 12:13,"Esdoornstraat 52, 1064IY Utrecht"
38283,Accessories,NA,Shoe care,NA,NA,1,8.99,26/01/2019 04:03,"Esdoornstraat 15, 1071GN Nijmegen"
38284,Shoes,F,Ankle Boots,39,black,1,119.99,27/01/2019 12:59,"Kloosterstraat 37, 1096BD Rotterdam"
38285,Shoes,M,Combat,38,grey,1,119.99,07/01/2019 20:56,"Parallelweg 54, 1069XG Amsterdam"
38285,Shoes,M,Boots,38,green,1,119.99,07/01/2019 20:56,"Parallelweg 54, 1069XG Amsterdam"
38286,Shoes,F,Ankle Boots,35,brown,1,119.99,06/01/2019 14:55,"Hogeweg 57, 1048MC Amsterdam"
38286,Shoes,F,Pumps,35,black,1,89.99,06/01/2019 14:55,"Hogeweg 57, 1048MC Amsterdam"
38287,Shoes,M,Combat,41,brown,1,119.99,20/01/2019 13:23,"Wilhelminastraat 6, 1089ST Amsterdam"
38287,Shoes,M,Combat,40,brown,1,119.99,20/01/2019 13:23,"Wilhelminastraat 6, 1089ST Amsterdam"
38288,Shoes,M,Boots,39,black,1,119.99,18/01/2019 22:34,"Prins Hendrikstraat 39, 1075RZ Leeuwarden"
38289,Bags,M,Shoulderbag,NA,beige,1,79.99,15/01/2019 13:13,"Stationsstraat 29, 1075EE Groningen"
38290,Accessories,NA,Shoe care,NA,NA,1,8.99,11/01/2019 21:28,"Middenweg 97, 1010TZ Utrecht"
38291,Bags,M,Shoulderbag,NA,beige,1,79.99,13/01/2019 08:31,"Kerkpad 35, 1053UW Zwolle"
38292,Shoes,F,Sneakers,40,multicolor,1,99.99,11/01/2019 08:19,"Esdoornstraat 86, 1077WQ Almere"
38293,Shoes,F,Calf Boots,39,beige,1,149.99,12/01/2019 23:51,"Kerkstraat 52, 1016EQ Rotterdam"
38294,Shoes,M,Sneakers,36,brown,1,99.99,10/01/2019 01:06,"Havenstraat 31, 1085CN Amsterdam"
38294,Shoes,M,Combat,36,beige,1,119.99,10/01/2019 01:06,"Havenstraat 31, 1085CN Amsterdam"
38295,Shoes,F,Ankle Boots,42,green,1,119.99,13/01/2019 10:04,"Dahliastraat 22, 1025UG Utrecht"
38296,Shoes,M,Loafers,42,beige,1,69.99,02/01/2019 11:03,"Meidoornlaan 9, 1091HA Emmen"
38296,Shoes,M,Combat,42,brown,1,119.99,02/01/2019 11:03,"Meidoornlaan 9, 1091HA Emmen"
38297,Shoes,F,Calf Boots,40,beige,1,149.99,25/01/2019 10:49,"Bosweg 64, 1001RY Eindhoven"
38297,Accessories,NA,Shoe care,NA,NA,1,8.99,25/01/2019 10:49,"Bosweg 64, 1001RY Eindhoven"
38298,Shoes,M,Boots,41,beige,1,119.99,10/01/2019 12:36,"Lindenlaan 88, 1095AR Amsterdam"
38298,Shoes,M,Boots,41,black,1,119.99,10/01/2019 12:36,"Lindenlaan 88, 1095AR Amsterdam"
38299,Shoes,F,Ankle Boots,40,brown,1,119.99,21/01/2019 17:23,"Hoogstraat 82, 1078EG Breda"
38300,Shoes,M,Combat,40,black,1,119.99,12/01/2019 00:03,"Hoogstraat 97, 1070WJ Utrecht"
38300,Shoes,M,Boots,40,beige,1,119.99,12/01/2019 00:03,"Hoogstraat 97, 1070WJ Utrecht"
38301,Shoes,M,Sneakers,35,grey,1,99.99,26/01/2019 23:57,"Kastanjelaan 72, 1062HH Alphen aan den Rijn"
38302,Shoes,M,Flip Flops,39,brown,1,29.99,29/01/2019 21:15,"Nijverheidsweg 95, 1091AE Arnhem"
38302,Bags,M,Laptopbag,NA,brown,1,99.99,29/01/2019 21:15,"Nijverheidsweg 95, 1091AE Arnhem"
38303,Bags,F,Backpack,NA,black,1,59.99,23/01/2019 14:03,"Parallelweg 38, 1029AN Almere"
38304,Shoes,F,Ankle Boots,42,multicolor,1,119.99,20/01/2019 00:25,"Kerkpad 69, 1097DZ Almere"
38304,Shoes,F,Pumps,42,multicolor,1,89.99,20/01/2019 00:25,"Kerkpad 69, 1097DZ Almere"
38305,Shoes,F,Flip Flops,36,grey,1,29.99,23/01/2019 00:53,"Emmastraat 43, 1092FQ Eindhoven"
38306,Shoes,F,Calf Boots,39,beige,1,149.99,12/01/2019 14:01,"Rozenstraat 14, 1059VN Amsterdam"
38306,Bags,F,Shopper,NA,beige,1,79.99,12/01/2019 14:01,"Rozenstraat 14, 1059VN Amsterdam"
38307,Shoes,F,Calf Boots,39,grey,1,149.99,09/01/2019 18:26,"Dahliastraat 34, 1021PP Dordrecht"
38308,Accessories,M,Scarf,NA,beige,2,24.99,28/01/2019 20:37,"Spoorstraat 32, 1011ZJ Den Haag"
38309,Shoes,M,Boots,42,black,1,119.99,26/01/2019 21:06,"Stationsplein 41, 1043GR Haarlem"
38310,Bags,M,Laptopbag,NA,black,1,99.99,23/01/2019 19:35,"Beatrixstraat 39, 1070GJ Maastricht"
38311,Shoes,M,Flip Flops,37,grey,1,29.99,02/01/2019 15:22,"Esdoornstraat 42, 1085OC Rotterdam"
38312,Shoes,F,Ballerinas,41,silver,1,79.95,05/01/2019 15:10,"Dahliastraat 56, 1079RY Zoetermeer"
38313,Accessories,M,Scarf,NA,white,1,24.99,03/01/2019 11:04,"Hoofdstraat 89, 1070VZ Den Haag"
38314,Accessories,F,Wallet,NA,black,1,19.99,28/01/2019 09:39,"Molenstraat 71, 1088EC Amsterdam"
38315,Shoes,F,Ankle Boots,40,brown,1,119.99,08/01/2019 02:31,"Kerkweg 71, 1055QD Amsterdam"
38316,Shoes,F,Pumps,41,grey,1,89.99,18/01/2019 18:50,"Kloosterstraat 14, 1027TV Ede"
38317,Shoes,F,Sneakers,40,black,1,99.99,13/01/2019 11:02,"Kruisstraat 20, 1011WE Deventer"
38317,Shoes,F,Sandals,40,grey,1,49.99,13/01/2019 11:02,"Kruisstraat 20, 1011WE Deventer"
38318,Shoes,F,Wedges,37,grey,1,69.95,20/01/2019 13:03,"Kerkweg 55, 1036BG Zwolle"
38318,Shoes,F,Wedges,36,grey,1,69.95,20/01/2019 13:03,"Kerkweg 55, 1036BG Zwolle"
38319,Shoes,M,Boots,39,brown,1,119.99,08/01/2019 10:57,"Wilhelminastraat 44, 1025GA Rotterdam"
38319,Bags,M,Shoulderbag,NA,grey,1,79.99,08/01/2019 10:57,"Wilhelminastraat 44, 1025GA Rotterdam"
38320,Shoes,F,Flip Flops,41,brown,1,29.99,12/01/2019 14:13,"Torenstraat 15, 1061MH Delft"
38321,Shoes,M,Combat,39,green,1,119.99,24/01/2019 11:32,"Leliestraat 69, 1093CO Amersfoort"
38321,Accessories,M,Wallet,NA,black,1,19.99,24/01/2019 11:32,"Leliestraat 69, 1093CO Amersfoort"
38322,Shoes,F,Sandals,38,multicolor,1,49.99,04/01/2019 20:06,"Tuinstraat 18, 1046TT Breda"
38323,Accessories,F,Scarf,NA,brown,1,24.99,18/01/2019 11:19,"Emmastraat 16, 1023UE Emmen"
38324,Shoes,F,Sneakers,40,beige,1,99.99,13/01/2019 19:08,"Prins Bernhardstraat 59, 1061QM Haarlem"
38324,Shoes,F,Sneakers,39,beige,1,99.99,13/01/2019 19:08,"Prins Bernhardstraat 59, 1061QM Haarlem"
38325,Shoes,F,Sneakers,40,grey,1,99.99,27/01/2019 15:09,"Molenweg 37, 1076QY Dordrecht"
38325,Bags,F,Shopper,NA,grey,1,79.99,27/01/2019 15:09,"Molenweg 37, 1076QY Dordrecht"
38326,Shoes,F,Pumps,39,black,1,89.99,19/01/2019 14:22,"Irenestraat 50, 1080NW Almere"
38327,Shoes,F,Calf Boots,37,multicolor,1,149.99,01/01/2019 09:27,"Kerkpad 22, 1037JI Leiden"
38327,Shoes,F,Calf Boots,37,red,1,149.99,01/01/2019 09:27,"Kerkpad 22, 1037JI Leiden"
38328,Shoes,M,Sneakers,38,brown,1,99.99,19/01/2019 11:36,"Markt 51, 1095YN Venlo"
38329,Shoes,F,Ankle Boots,39,white,1,119.99,01/01/2019 18:01,"Hoofdstraat 47, 1079VY Haarlem"
38330,Accessories,M,Gloves,NA,multicolor,2,14.99,17/01/2019 20:54,"Hoogstraat 31, 1095EG Utrecht"
38331,Bags,F,Clutch,NA,brown,1,39.99,22/01/2019 18:30,"Lindenlaan 10, 1094OG Alphen aan den Rijn"
38332,Shoes,M,Boots,41,black,1,119.99,18/01/2019 11:55,"Meidoornlaan 17, 1042AG Den Haag"
38333,Shoes,F,Sneakers,39,beige,1,99.99,19/01/2019 01:42,"Julianalaan 15, 1065VR Leeuwarden"
38334,Shoes,M,Combat,40,brown,1,119.99,09/01/2019 03:06,"Dorpsstraat 66, 1009TC Haarlem"
38335,Shoes,F,Flip Flops,37,multicolor,1,29.99,24/01/2019 06:16,"Esdoornstraat 85, 1085IJ Amsterdam"
38335,Bags,F,Shoulderbag,NA,brown,1,79.99,24/01/2019 06:16,"Esdoornstraat 85, 1085IJ Amsterdam"
38336,Shoes,M,Combat,39,brown,1,119.99,24/01/2019 22:33,"Molenstraat 83, 1026MD Den Haag"
38336,Accessories,M,Gloves,NA,brown,1,14.99,24/01/2019 22:33,"Molenstraat 83, 1026MD Den Haag"
38337,Shoes,F,Ballerinas,37,blue,1,79.95,04/01/2019 12:53,"Spoorstraat 97, 1096DL Amersfoort"
38337,Shoes,F,Ballerinas,36,blue,1,79.95,04/01/2019 12:53,"Spoorstraat 97, 1096DL Amersfoort"
38338,Bags,M,Shoulderbag,NA,grey,1,79.99,22/01/2019 09:05,"Nieuweweg 7, 1035QL Leeuwarden"
38339,Bags,F,Shoulderbag,NA,brown,1,79.99,03/01/2019 15:42,"Beatrixstraat 78, 1033FS Apeldoorn"
38340,Accessories,F,Gloves,NA,black,1,14.99,20/01/2019 17:40,"Tuinstraat 19, 1042OS Nijmegen"
38341,Accessories,M,Gloves,NA,beige,1,14.99,21/01/2019 13:27,"Hoogstraat 84, 1000SI Eindhoven"
38342,Shoes,F,Calf Boots,41,gold,1,149.99,19/01/2019 14:02,"Hogeweg 58, 1081BJ Arnhem"
38343,Shoes,F,Ankle Boots,36,brown,1,119.99,05/01/2019 11:17,"Kerkpad 6, 1037JH Apeldoorn"
38344,Bags,F,Handbag,NA,white,1,99.99,10/01/2019 10:02,"Hoofdstraat 80, 1025HN Zoetermeer"
38345,Shoes,F,Ankle Boots,39,black,1,119.99,17/01/2019 11:24,"Beatrixstraat 87, 1051KQ Groningen"
38346,Shoes,F,Pumps,40,black,1,89.99,31/01/2019 08:55,"Berkenlaan 71, 1050FA Breda"
38346,Bags,F,Clutch,NA,black,1,39.99,31/01/2019 08:55,"Berkenlaan 71, 1050FA Breda"
38347,Shoes,F,Sneakers,38,brown,1,99.99,22/01/2019 22:35,"Kerkstraat 21, 1018CJ Dordrecht"
38347,Shoes,F,Calf Boots,38,beige,1,149.99,22/01/2019 22:35,"Kerkstraat 21, 1018CJ Dordrecht"
38348,Shoes,F,Calf Boots,41,grey,1,149.99,02/01/2019 19:24,"Hoogstraat 47, 1036PG Rotterdam"
38348,Shoes,F,Ankle Boots,41,green,1,119.99,02/01/2019 19:24,"Hoogstraat 47, 1036PG Rotterdam"
38349,Shoes,M,Boots,42,black,1,119.99,18/01/2019 11:45,"Molenweg 95, 1038CA Rotterdam"
38350,Shoes,F,Ankle Boots,37,green,1,119.99,17/01/2019 11:05,"Spoorstraat 69, 1033TV Rotterdam"
38351,Shoes,M,Combat,37,green,1,119.99,29/01/2019 20:20,"Nijverheidsweg 60, 1041JD Nijmegen"
38352,Bags,F,Shoulderbag,NA,beige,1,79.99,25/01/2019 13:54,"Kerkplein 33, 1077IA Nijmegen"
38353,Shoes,M,Combat,38,grey,1,119.99,27/01/2019 11:23,"Kerkpad 53, 1021VF Eindhoven"
38353,Shoes,M,Combat,38,brown,1,119.99,27/01/2019 11:23,"Kerkpad 53, 1021VF Eindhoven"
38354,Accessories,F,Gloves,NA,gold,1,14.99,03/01/2019 09:55,"Hoofdstraat 33, 1048EB Den Haag"
38355,Shoes,M,Sneakers,38,grey,1,99.99,04/01/2019 21:16,"Leliestraat 9, 1090AO Tilburg"
38355,Shoes,M,Sneakers,38,grey,1,99.99,04/01/2019 21:16,"Leliestraat 9, 1090AO Tilburg"
38356,Shoes,F,Ankle Boots,38,beige,1,119.99,07/01/2019 13:15,"Parallelweg 49, 1000SX Amsterdam"
38357,Shoes,F,Pumps,36,grey,1,89.99,18/01/2019 09:54,"Prins Beatrixstraat 61, 1083RV Rotterdam"
38358,Shoes,F,Ballerinas,37,beige,1,79.95,15/01/2019 10:44,"Rijksweg 91, 1016RM Utrecht"
38359,Shoes,M,Boots,40,grey,1,119.99,10/01/2019 06:06,"Oranjestraat 25, 1072BI Utrecht"
38359,Shoes,M,Boots,40,black,1,119.99,10/01/2019 06:06,"Oranjestraat 25, 1072BI Utrecht"
38360,Shoes,F,Wedges,39,white,1,69.95,25/01/2019 08:48,"Esdoornstraat 99, 1021KG Almere"
38360,Shoes,F,Wedges,40,white,1,69.95,25/01/2019 08:48,"Esdoornstraat 99, 1021KG Almere"
38361,Shoes,F,Ankle Boots,38,white,1,119.99,07/01/2019 11:31,"Torenstraat 57, 1075JC Leiden"
38362,Shoes,F,Calf Boots,37,black,1,149.99,27/01/2019 13:12,"Dahliastraat 47, 1062KF Rotterdam"
38363,Shoes,F,Sneakers,36,beige,1,99.99,31/01/2019 22:54,"Dahliastraat 87, 1061TJ Alphen aan den Rijn"
38363,Bags,F,Laptopbag,NA,beige,1,99.99,31/01/2019 22:54,"Dahliastraat 87, 1061TJ Alphen aan den Rijn"
